,Open,High,Close
0,1063.9,1064.54,1006.94
1,1050.6,1059.27,1054.09
2,1051.37,1066.78,1026.55
3,1080.01,1083.92,1053.15
4,1092.57,1108.7,1094.0
5,1098.4,1105.55,1095.8
6,1117.76,1119.37,1100.07
7,1155.35,1156.81,1134.42
8,1149.57,1162.5,1150.61
9,1145.8,1159.76,1148.89
10,1171.83,1178.0,1139.91
11,1165.05,1178.16,1165.93
12,1139.5,1161.0,1160.84
13,1117.2,1131.44,1129.38
14,1092.82,1116.2,1115.04
15,1102.1,1105.63,1100.9
16,1078.13,1101.18,1094.76
17,1057.98,1086.89,1084.14
18,1109.54,1111.27,1071.41
19,1122.0,1127.65,1103.92
20,1143.7,1144.25,1117.51
21,1131.86,1144.2,1143.7
22,1118.66,1129.0,1128.09
23,1119.17,1125.46,1109.9
24,1109.1,1136.2,1113.75
25,1092.76,1116.29,1103.59
26,1093.38,1108.31,1095.5
27,1083.45,1094.1,1091.36
28,1054.32,1075.47,1072.7
29,1050.0,1061.22,1054.14
30,1056.67,1065.57,1054.56
31,1025.88,1051.72,1043.43
32,1059.87,1063.93,1005.6
33,1084.97,1086.53,1055.41
34,1033.98,1087.38,1084.43
35,1100.61,1114.99,1068.76
36,1127.42,1131.3,1119.2
37,1175.99,1187.45,1181.59
38,1183.81,1186.32,1182.22
39,1177.72,1187.93,1177.37
40,1188.0,1198.0,1186.48
41,1187.53,1187.56,1187.56
42,1180.71,1185.0,1182.14
43,1184.98,1187.05,1171.29
44,1170.62,1178.51,1176.17
45,1143.82,1166.88,1164.16
46,1138.03,1143.78,1143.5
47,1139.35,1140.59,1135.97
48,1136.36,1139.32,1139.1
49,1140.31,1148.88,1130.7
50,1110.1,1131.3,1130.65
51,1112.31,1114.85,1111.88
52,1107.0,1112.78,1110.14
53,1118.44,1118.44,1112.79
54,1111.0,1119.16,1114.21
55,1103.45,1113.58,1110.29
56,1097.09,1104.08,1095.76
57,1073.93,1096.1,1091.52
58,1053.02,1075.98,1073.21
59,1055.49,1058.05,1053.4
60,1062.25,1064.84,1055.95
61,1066.6,1068.27,1060.2
62,1068.64,1068.86,1065.85
63,1070.0,1071.72,1068.86
64,1075.39,1077.52,1070.85
65,1080.92,1081.23,1073.56
66,1083.02,1084.97,1079.78
67,1076.45,1086.49,1085.09
68,1063.78,1075.25,1072.0
69,1055.49,1067.08,1057.47
70,1052.08,1055.48,1051.39
71,1050.0,1062.5,1048.77
72,1051.11,1056.0,1051.97
73,1051.81,1056.42,1049.38
74,1036.07,1048.92,1044.57
75,1016.52,1039.58,1032.72
76,1010.99,1036.68,1019.6
77,1027.8,1031.34,1011.87
78,1030.41,1037.24,1025.07
79,1039.94,1044.14,1036.17
80,1056.18,1058.77,1037.38
81,1073.99,1080.0,1063.29
82,1058.57,1073.04,1072.01
83,1054.39,1060.07,1056.52
84,1051.16,1055.43,1051.92
85,1040.04,1050.39,1050.3
86,1036.0,1038.7,1034.66
87,1049.8,1051.0,1035.89
88,1038.75,1051.76,1048.47
89,1035.0,1039.63,1036.41
90,1037.72,1042.3,1041.64
91,1040.8,1048.74,1041.2
92,1043.87,1046.63,1044.15
93,1048.0,1050.88,1047.72
94,1049.65,1053.41,1052.39
95,1049.1,1052.59,1042.68
96,1042.75,1050.66,1049.99
97,1039.99,1045.52,1042.97
98,1036.32,1047.86,1042.6
99,1033.0,1041.0,1033.04
100,1029.16,1039.83,1033.13
101,1030.99,1063.62,1033.67
102,998.47,1006.51,991.42
103,986.27,994.43,991.46
104,986.5,989.26,988.49
105,1005.18,1005.79,985.54
106,1007.05,1008.65,1005.07
107,1004.75,1007.32,1001.84
108,1011.05,1016.31,1012.74
109,1007.44,1014.56,1011.0
110,1009.63,1012.0,1009.35
111,1009.11,1014.76,1007.87
112,1003.84,1011.54,1005.65
113,989.04,1007.56,1005.65
114,995.3,997.47,987.8
115,995.0,1000.46,992.31
116,980.0,994.26,993.64
117,972.79,986.5085,985.19
118,971.76,974.4,966.78
119,967.56,972.44,972.08
120,975.65,977.74,967.47
121,966.0,975.81,973.72
122,956.25,966.18,964.81
123,942.74,965.43,959.9
124,936.69,944.08,937.43
125,939.45,939.75,934.28
126,942.77,950.0,943.26
127,948.13,952.8,947.55
128,937.73,950.0,947.54
129,933.41,937.94,936.86
130,935.01,936.86,929.75
131,940.09,941.75,935.29
132,946.0,948.03,940.13
133,945.5,952.85,950.44
134,946.92,948.085,946.65
135,947.2,952.68,943.29
136,949.7,950.7,941.41
137,944.25,950.4965,949.89
138,943.87,944.5,942.02
139,946.86,951.3854,941.48
140,957.47,958.33,951.99
141,946.3,957.195,955.24
142,935.67,945.86,943.63
143,919.95,938.19,935.75
144,931.88,934.85,928.13
145,939.21,940.73,930.5
146,943.71,946.31,936.89
147,937.0,945.425,942.58
148,926.96,941.9617,940.4
149,925.77,928.25,920.87
150,926.98,931.02,926.18
151,942.95,943.81,927.66
152,941.25,949.9,944.27
153,941.03,943.07,938.08
154,939.07,941.04,938.93
155,923.71,933.36,930.09
156,935.0,936.3,923.59
157,938.45,943.76,940.08
158,944.29,952.49,944.19
159,947.52,948.96,945.75
160,943.95,947.54,945.79
161,949.1,950.0,940.3
162,948.37,949.1,947.64
163,947.81,954.49,946.56
164,960.0,961.1925,945.5
165,947.99,961.79,958.33
166,969.18,969.52,952.51
167,972.78,973.95,965.31
168,970.7,976.73,969.03
169,994.1,1006.19,998.31
170,989.0,995.11,993.84
171,997.0,998.68,992.19
172,990.01,995.6,992.77
173,973.36,990.85,986.95
174,976.32,983.35,975.96
175,974.0,977.54,976.91
176,970.8,978.7,968.7175
177,960.86,969.63,967.66
178,950.52,954.89,953.53
179,941.95,953.13,951.0
180,930.985,944.66,940.81
181,925.0,936.14,927.69
182,924.2,936.29,932.26
183,933.22,934.24,919.46
184,943.99,944.9995,929.68
185,951.35,951.66,937.82
186,950.66,963.24,961.01
187,961.6,967.22,948.09
188,990.0,993.99,972.09
189,975.5,986.62,986.09
190,976.87,980.5,976.62
191,970.79,979.67,978.59
192,975.31,980.79,968.99
193,969.65,979.3,975.22
194,957.91,959.95,958.62
195,948.02,960.6775,960.18
196,975.5,979.7,967.93
197,972.04,977.91,970.5
198,958.72,968.0,961.81
199,1005.49,1005.5,970.12
200,1004.23,1005.6,1004.28
201,998.82,1003.91,1001.59
202,1003.31,1008.61,996.68
203,997.89,1007.4,1003.88
204,988.59,996.48,996.12
205,990.96,993.14,988.29
206,996.21,999.6,987.09
207,992.5,997.62,996.17
208,992.0,996.39,993.27
209,979.0,995.78,991.86
210,975.26,978.115,977.61
211,969.96,974.51,970.55
212,957.0,964.82,964.07
213,952.82,959.56,954.65
214,943.2,954.18,950.5
215,959.7,960.99,942.17
216,963.55,965.8955,964.61
217,955.29,962.7,959.22
218,957.85,957.98,955.14
219,951.29,957.99,955.89
220,956.22,956.71,954.84
221,961.33,962.2,956.71
222,947.45,960.99,958.69
223,956.72,958.4395,950.28
224,950.29,959.14,954.72
225,936.05,950.2,948.45
226,933.27,942.985,937.09
227,924.15,935.82,932.82
228,929.0,935.9,924.52
229,890.0,893.3774,891.44
230,891.39,892.99,889.14
231,882.26,892.25,888.84
232,868.44,879.96,878.93
233,860.62,862.44,858.95
234,859.74,863.93,860.08
235,857.385,860.2,856.51
236,852.54,857.39,853.99
237,841.38,855.64,855.13
238,841.04,843.73,840.18
239,838.46,843.72,841.46
240,841.7,844.63,839.88
241,841.54,846.7372,841.7
242,845.0,845.88,842.1
243,849.5,853.59,845.095
244,854.71,860.59,848.91
245,848.0,853.0,852.57
246,848.75,859.0,856.75
247,846.83,849.56,847.8
248,851.98,852.0,849.48
249,842.75,851.585,849.87
250,839.69,845.4,840.63
251,828.09,841.38,838.51
252,842.0,844.0,835.14
253,841.39,841.69,839.65
254,849.48,855.35,849.8
255,870.06,873.47,850.14
256,869.48,870.34,867.91
257,873.68,874.42,872.37
258,870.53,872.71,870.0
259,867.94,869.88,868.39
260,863.75,867.58,865.91
261,860.83,867.13,864.58
262,862.7,864.2289999999999,861.405
263,853.69,860.71,857.84
264,853.12,856.93,853.64
265,847.26,853.33,851.15
266,846.86,848.94,847.27
267,848.94,850.82,849.08
268,856.31,856.49,849.85
269,851.38,858.0,856.75
270,847.35,848.83,844.93
271,844.95,850.67,849.67
272,847.65,848.36,847.81
273,851.08,852.62,851.0
274,848.0,853.79,851.36
275,847.99,852.2,849.27
276,841.31,846.94,846.55
277,838.5,842.69,842.17
278,838.81,841.7725,837.32
279,839.77,842.0,840.03
280,837.7,841.735,838.96
281,832.95,837.15,834.85
282,831.73,831.98,830.06
283,830.53,834.25,829.88
284,825.5,831.92,829.23
285,820.92,822.39,821.62
286,823.13,826.13,820.13
287,815.0,824.56,818.26
288,824.0,824.0,815.24
289,819.5,823.07,820.19
290,837.06,837.23,823.83
291,859.0,867.0,845.03
292,859.05,861.0,856.98
293,853.55,858.7936,858.45
294,846.98,851.52,849.53
295,831.61,845.5428,844.43
296,829.09,829.24,828.17
297,829.0,832.9999,824.37
298,829.8,829.81,829.02
299,830.0,830.18,827.46
300,831.0,834.65,830.94
301,828.38,830.38,829.53
302,826.62,829.9,829.86
303,827.07,829.41,826.01
304,826.37,830.43,827.18
305,814.99,828.96,825.21
306,807.5,813.74,813.02
307,809.89,813.43,807.77
308,800.62,811.435,808.01
309,803.21,803.285,792.45
310,802.33,805.75,802.88
311,813.33,813.33,804.57
312,808.68,816.0,809.93
313,808.01,810.9696,807.8
314,809.1,811.07,809.68
315,815.72,815.72,812.2
316,813.37,816.49,815.2
317,809.28,816.22,812.5
318,818.31,819.2,809.84
319,817.36,823.0,815.65
320,815.92,824.26,817.89
321,812.39,824.3,815.34
322,804.82,811.35,807.9
323,799.3,809.95,809.45
324,792.95,799.0,795.17
325,779.95,792.0,791.47
326,780.19,785.28,776.18
327,770.0,780.0,778.22
328,761.9,770.5,764.46
329,778.55,778.6,764.33
330,789.1,791.51,775.88
331,788.38,796.44,789.44
332,778.35,799.74,785.79
333,782.61,782.9,780.23
334,789.52,789.52,779.0
335,788.99,793.77,785.0
336,778.1,786.55,784.8
337,787.17,791.29,775.97
338,782.5,788.9,786.16
339,781.84,783.5,779.98
340,765.47,780.2376,775.16
341,771.76,771.78,753.22
342,776.81,777.29,771.75
343,810.0,810.06,780.29
344,801.83,811.71,805.59
345,802.03,816.04,811.98
346,794.95,805.0,802.03
347,771.3,788.48,781.1
348,784.5,790.0,782.19
349,806.76,806.76,788.42
350,810.87,813.96,805.48
351,822.43,822.63,809.9
352,829.94,839.0,819.56
353,823.01,826.58,817.35
354,827.12,827.71,822.1
355,838.5,838.5,828.55
356,830.09,837.94,835.74
357,820.0,824.29,824.06
358,827.56,828.465,821.63
359,824.52,829.81,827.09
360,814.21,828.81,821.49
361,805.99,813.49,806.84
362,807.45,810.09,804.6
363,806.07,806.56,804.08
364,811.96,814.5,811.77
365,814.17,819.86,809.57
366,803.93,817.38,814.17
367,805.93,805.94,800.71
368,804.08,806.945,803.08
369,806.0,808.5,801.23
370,805.0,806.5,802.79
371,802.55,803.54,800.38
372,803.6,808.09,804.06
373,807.23,813.91,802.64
374,804.08,810.25,810.06
375,801.83,813.49,810.73
376,809.82,810.08,802.65
377,815.14,817.0,814.96
378,810.0,819.06,815.95
379,801.26,805.91,805.03
380,800.0,802.75,799.78
381,801.11,803.99,795.39
382,799.02,799.02,797.97
383,790.01,803.645,801.23
384,787.53,796.33,790.46
385,794.01,795.79,788.72
386,784.52,800.17,798.82
387,798.77,801.75,788.48
388,805.22,808.42,802.84
389,807.93,810.6,807.99
390,798.39,810.89,808.02
391,795.27,797.1,796.87
392,791.98,792.89,791.4
393,789.6,791.57,789.85
394,792.88,798.0,791.92
395,793.05,798.52,795.82
396,792.49,799.4,793.22
397,792.0,794.72,791.3
398,796.86,798.46,793.6
399,800.48,801.0,796.59
400,798.51,799.3,796.95
401,799.79,801.23,799.65
402,805.36,808.0,802.75
403,800.0,805.63,805.42
404,803.5,804.26,801.19
405,807.21,811.36,805.96
406,805.09,807.19,807.05
407,810.47,813.8789999999999,808.2
408,807.05,810.8789999999999,808.49
409,804.49,813.33,807.48
410,806.0,807.6,805.23
411,800.11,807.22,806.93
412,798.24,800.2,797.25
413,796.47,799.54,798.92
414,797.33,802.32,800.12
415,786.67,807.49,800.94
416,797.71,803.94,791.34
417,768.84,768.97,765.84
418,758.97,764.45,761.97
419,757.52,759.26,757.65
420,757.68,759.8249,757.52
421,757.32,759.45,759.28
422,757.0,758.15,754.41
423,754.05,760.64,757.08
424,749.87,756.59,753.41
425,737.91,755.1369,753.2
426,741.0,741.0,735.63
427,733.94,736.14,735.8
428,735.52,735.52,729.48
429,731.92,735.6,732.51
430,719.42,728.9289,727.2
431,710.56,717.9,717.78
432,710.11,710.17,707.26
433,699.84,713.0,708.97
434,705.01,708.12,704.89
435,705.1,712.53,710.25
436,697.65,703.77,703.53
437,694.26,699.5,695.19
438,691.37,692.7399,691.26
439,682.49,683.325,681.14
440,690.17,705.0,685.2
441,710.55,714.88,714.87
442,714.05,714.21,710.47
443,710.05,715.38,708.88
444,710.31,715.87,706.13
445,721.39,721.39,704.25
446,727.96,730.39,724.25
447,734.92,737.15,732.19
448,729.31,736.0,733.25
449,729.82,739.0,731.88
450,735.95,739.64,733.19
451,737.07,743.93,742.52
452,739.5,743.81,742.93
453,733.27,736.71,731.09
454,738.5,738.5,730.06
455,741.49,741.49,735.86
456,746.1,747.3,744.27
457,748.47,751.37,748.46
458,748.76,753.48,748.85
459,737.51,747.91,747.6
460,736.0,741.1,736.93
461,735.0,739.89,738.1
462,719.85,734.2,733.03
463,719.98,723.4999,717.25
464,716.46,727.7,721.71
465,718.3,720.5,715.31
466,718.5,725.57,721.78
467,731.06,735.85,720.19
468,724.32,732.68,730.3
469,726.62,731.29,724.83
470,732.0,735.37,728.07
471,740.52,740.8,730.55
472,734.96,740.0,739.38
473,726.7,734.29,729.13
474,712.2,725.99,725.18
475,715.0,717.55,714.71
476,706.77,715.05,711.37
477,712.5,713.37,708.44
478,711.92,715.41,714.41
479,704.12,712.11,707.88
480,723.29,729.26,705.06
481,725.32,727.15,721.46
482,744.42,745.59,725.37
483,735.35,744.88,742.21
484,743.91,753.92,737.77
485,777.31,781.6799,780.0
486,779.16,779.66,774.92
487,790.5,790.95,776.25
488,780.19,788.55,787.68
489,775.5,780.93,780.0
490,775.36,779.61,775.39
491,770.31,775.75,771.91
492,758.43,764.92,764.32
493,765.45,767.22,757.54
494,765.87,767.13,759.47
495,765.32,769.36,760.12
496,757.84,768.42,768.07
497,758.13,762.87,758.57
498,769.51,772.44,765.12
499,757.16,770.04,769.67
500,768.34,769.0842,762.9
501,768.21,777.31,768.34
502,753.68,767.18,765.89
503,756.17,758.3,753.28
504,751.2,757.555,754.84
505,763.35,765.39,757.56
506,758.44,765.0,760.05
507,753.91,763.34,762.16
508,761.63,762.14,755.41
509,757.65,765.34,758.48
510,749.05,759.0,757.36
511,746.02,753.01,750.57
512,744.97,754.26,750.24
513,739.95,744.9,744.87
514,727.79,736.54,732.17
515,715.165,726.24,725.41
516,708.39,722.25,713.53
517,725.15,727.21,712.8
518,734.8,735.0,730.22
519,739.48,741.0,731.59
520,742.87,743.1210000000001,739.48
521,721.3,742.33,742.17
522,721.0,730.6,717.22
523,733.6,736.16,724.86
524,722.93,729.51,729.12
525,710.61,721.22,720.9
526,726.1,730.9,717.29
527,729.51,734.845,729.05
528,715.9,724.03,722.11
529,733.96,736.0,717.51
530,727.0,733.76,731.97
531,718.65,722.8789,717.64
532,712.21,716.0,706.89
533,696.34,712.315,706.36
534,711.79,723.22,706.85
535,692.95,720.96,701.02
536,687.68,704.52,704.16
537,725.5,726.72,703.76
538,744.59,745.24,730.03
539,786.28,791.43,749.38
540,800.5,810.35,780.91
541,771.26,777.59,770.77
542,748.96,765.105,761.35
543,738.19,751.16,748.3
544,735.89,735.89,717.58
545,735.21,739.46,733.79
546,743.84,752.46,733.62
547,742.0,748.56,745.46
548,720.17,737.67,726.67
549,705.9,726.95,718.56
550,720.15,725.35,719.08
551,709.99,724.158,710.49
552,724.44,739.89,731.39
553,749.34,753.0,719.57
554,740.75,748.34,745.34
555,731.95,735.08,733.07
556,747.8,750.12,730.91
557,746.49,755.31,741.0
558,750.37,765.73,759.33
559,764.1,769.2,761.53
560,762.2,762.2,759.44
561,787.82,788.33,778.01
562,793.96,796.455,790.3
563,786.99,798.69,793.96
564,770.0,782.815,782.24
565,768.52,769.2,765.84
566,770.69,771.9,768.51
567,764.27,770.34,767.13
568,763.05,766.35,760.8
569,767.23,774.14,756.85
570,781.16,781.59,769.83
571,766.57,781.5,776.59
572,767.79,774.75,760.09
573,751.26,764.15,762.54
574,749.0,757.44,750.42
575,763.59,766.0655,760.04
576,771.1,776.0926,762.55
577,764.5,778.65,775.14
578,780.06,781.0,772.99
579,769.71,782.42,779.21
580,780.56,784.48,768.2
581,785.25,793.0475,777.85
582,766.94,785.0,783.79
583,771.87,775.03,762.85
584,769.16,774.0,771.97
585,771.69,773.0,769.26
586,772.96,775.99,769.63
587,777.47,782.9,776.7
588,769.3,779.318,777.0
589,759.78,763.23,759.94
590,749.57,761.1,760.01
591,752.47,754.95,745.98
592,740.21,751.71,750.42
593,754.04,755.33,740.07
594,760.18,765.799,756.53
595,762.38,769.08,765.25
596,753.48,760.6,758.26
597,758.52,763.3,754.77
598,759.39,763.0219999999999,761.6
599,758.81,766.35,760.67
600,749.9,759.9,755.31
601,745.43,751.698,748.82
602,737.88,748.18,747.74
603,745.56,746.31,737.39
604,736.63,746.79,744.85
605,733.0,737.37,736.92
606,726.57,735.9642,732.82
607,720.02,734.95,731.12
608,750.06,752.5,719.33
609,675.44,688.0499,681.14
610,683.21,684.9,671.8
611,697.89,698.0,680.0
612,694.0,700.2397,699.95
613,695.4,696.22,695.32
614,685.25,694.16,693.02
615,683.73,690.04,680.41
616,674.26,688.46,683.17
617,669.19,677.98,676.43
618,667.49,674.085,671.24
619,669.45,671.89,667.0
620,677.4,678.74,670.0
621,669.35,678.8,671.64
622,661.6,673.0275,671.68
623,638.01,658.2555,656.99
624,637.94,643.84,642.0
625,631.83,639.31,637.2
626,625.5,634.68,622.61
627,639.05,642.85,624.25
628,658.58,658.58,640.15
629,648.97,656.7699,654.91
630,652.9,660.28,653.29
631,657.47,658.82,653.2
632,665.51,669.0,666.98
633,665.06,669.84,660.92
634,667.49,681.99,671.67
635,665.55,668.0699,665.52
636,656.71,668.85,665.07
637,655.63,655.92,652.47
638,650.21,655.31,655.3
639,643.9,654.9,651.08
640,651.88,657.36,643.41
641,641.0,645.04,643.88
642,629.7,634.5,628.96
643,647.93,651.25,637.05
644,638.64,645.057,644.91
645,633.66,644.44,629.56
646,656.26,664.41,647.82
647,665.11,667.0,659.69
648,672.0,673.9799,667.96
649,643.1,662.48,659.74
650,646.4675,647.0,612.47
651,600.6,644.33,618.11
652,671.04,672.89,644.03
653,689.1,696.16,679.48
654,690.11,700.2,694.04
655,691.07,695.7568,688.73
656,688.04,694.74,694.11
657,684.04,692.26,689.37
658,689.2,694.03,686.51
659,694.49,696.0,691.47
660,699.58,704.0,690.3
661,667.09,671.62,663.14
662,667.78,668.795,664.39
663,673.99,674.75,670.15
664,665.75,679.91,673.29
665,664.34,668.0,661.28
666,657.66,666.67,664.72
667,664.7,664.9999,657.5
668,657.44,668.05,664.56
669,662.26,663.33,661.43
670,661.76,664.1,659.66
671,651.57,667.07,658.27
672,676.77,677.79,654.77
673,691.85,696.07,674.73
674,694.02,713.33,695.1
675,684.88,705.6,695.35
676,688.98,697.8,692.84
677,680.0,703.0,699.62
678,589.5,604.5,601.78
679,583.74,588.69,583.96
680,574.5,589.7087,584.18
681,559.51,572.85,571.73
682,553.71,559.29,556.11
683,548.65,548.88,544.65
684,545.6,548.28,541.7
685,547.43,551.0,550.03
686,542.25,548.58,545.62
687,544.74,548.0,547.34
688,543.66,545.81,543.3
689,545.09,545.9,540.04
690,546.75,550.9,541.25
691,559.71,560.0,553.06
692,560.3,563.14,557.95
693,562.48,562.64,558.57
694,559.79,564.9,563.39
695,559.41,565.61,559.68
696,556.52,557.91,557.52
697,548.0,557.25,556.18
698,545.42,548.36,546.6
699,544.48,546.69,544.87
700,542.73,544.05,543.0
701,547.15,548.85,547.47
702,554.49,554.83,550.04
703,545.7,554.78,552.6
704,543.42,544.84,542.16
705,549.61,549.87,543.48
706,552.0,553.33,549.53
707,552.18,555.96,551.69
708,555.1,557.99,555.29
709,547.43,558.79,553.95
710,548.73,550.57,549.21
711,553.2,553.94,545.32
712,553.79,555.76,554.18
713,548.68,555.29,554.25
714,552.58,553.3305,547.19
715,554.46,558.24,554.52
716,550.2,557.61,556.81
717,550.92,556.065,552.51
718,548.0,553.4,549.28
719,543.82,548.34,546.67
720,550.39,550.6,546.49
721,543.97,549.69,549.2
722,540.47,543.84,539.49
723,542.81,542.961,538.73
724,548.49,553.3699,545.78
725,548.87,552.8,548.95
726,535.9,545.2,542.04
727,542.64,543.93,535.08
728,550.16,552.61,543.045
729,550.99,556.69,552.84
730,550.51,551.22,551.16
731,558.56,561.11,548.77
732,560.51,565.84,561.39
733,564.32,567.83,564.37
734,572.77,575.52,566.12
735,580.05,584.7,573.66
736,550.41,561.17,557.46
737,543.06,551.0,549.18
738,546.31,547.7745,542.925
739,533.75,545.8,544.53
740,537.31,539.8,532.74
741,538.35,545.229,543.52
742,537.96,543.19,541.04
743,546.57,546.57,539.78
744,547.05,553.27,548.64
745,549.57,549.85,548.54
746,549.21,549.37,548.02
747,546.0,551.5,548.84
748,544.99,550.16,544.86
749,538.84,545.54,543.95
750,547.41,548.0,541.31
751,554.83,558.5,549.49
752,557.94,562.45,554.7
753,560.25,562.16,561.135
754,561.83,564.066,557.55
755,564.65,567.19,563.64
756,577.57,580.07,567.0
757,568.54,581.88,577.54
758,566.0,569.6399,565.37
759,566.71,567.1,564.95
760,564.52,566.96,563.67
761,557.73,566.51,566.16
762,558.29,560.64,557.61
763,556.93,563.75,561.64
764,559.23,564.36,553.0
765,558.48,561.84,561.17
766,559.8,564.18,555.69
767,568.475,569.762,559.85
768,570.92,575.45,574.1
769,582.0,582.78,572.9
770,579.62,583.2,581.435
771,576.97,581.63,578.33
772,576.35,580.85,578.795
773,567.0,575.99,575.02
774,558.15,569.42,562.63
775,545.74,560.1299,559.29
776,538.44,549.57,547.33
777,531.55,539.4,538.65
778,539.0,539.3,535.0
779,547.58,547.58,541.8
780,542.47,546.86,546.45
781,543.82,547.55,542.65
782,551.16,553.0,545.01
783,547.51,552.54,551.16
784,539.66,548.34,546.01
785,539.73,541.95,538.0
786,532.15,541.0,540.16
787,531.06,533.88,529.28
788,531.01,540.215,533.875
789,527.93,530.69,529.83
790,533.14,536.746,526.1
791,529.94,537.45,533.3
792,534.32,536.5,532.2
793,519.0,543.1,537.55
794,512.9,515.19,513.23
795,525.0,525.69,512.43
796,531.4,532.78,521.19
797,541.5,541.5,536.72
798,538.03,545.41,541.95
799,523.0,538.84,537.3
800,510.84,521.851,520.39
801,512.77,515.61,509.94
802,503.15,510.85,510.455
803,508.89,509.75,504.01
804,500.42,508.26,505.93
805,502.57,508.6,501.8
806,499.24,500.28,497.06
807,508.18,508.6,500.72
808,501.51,507.5,506.91
809,510.95,511.49,505.15
810,520.5,521.21,506.64
811,527.15,527.9899,519.46
812,532.6,535.8,529.55
813,537.74,538.4,530.66
814,534.96,537.84,535.28
815,540.5,543.93,537.31
816,536.93,543.25,541.52
817,538.82,540.29,536.93
818,534.51,542.3,538.77
819,520.61,532.97,532.3
820,516.99,520.81,520.04
821,515.99,516.25,514.62
822,499.86,509.07,506.45
823,513.6,515.58,498.16
824,523.76,525.37,515.84
825,527.44,532.24,521.51
826,530.01,537.04,532.11
827,535.9,539.36,528.04
828,525.875,536.65,536.11
829,529.22,533.815,530.73
830,536.7,538.2,528.08
831,537.64,542.69,542.58
832,537.5,541.405,536.97
833,539.45,541.85,538.59
834,545.09,548.79,539.65
835,547.0,549.6,549.08
836,549.23,549.88,547.73
837,547.21,552.5,549.23
838,546.57,551.19,547.48
839,551.04,551.04,545.89
840,542.09,545.38,543.76
841,544.75,548.22,547.2
842,547.93,552.79,544.51
843,555.19,555.19,546.64
844,558.0,558.0,555.19
845,560.81,560.8199,556.44
846,561.15,561.25,558.25
847,558.52,562.5,561.29
848,552.4,560.63,558.23
849,555.6,555.6,551.82
850,555.5,556.799,551.69
851,566.79,566.9,555.95
852,561.16,564.79,564.19
853,563.53,567.15,563.77
854,568.3,568.73,567.87
855,558.25,562.5,560.27
856,560.85,564.97,558.45
857,551.71,559.2,558.94
858,547.76,554.0,549.88
859,554.98,555.0,548.9
860,548.28,557.4,553.65
861,541.05,550.76,542.69
862,537.27,538.77,538.03
863,520.45,533.16,532.38
864,540.45,543.45,522.97
865,527.0,540.99,536.92
866,542.08,543.915,540.73
867,550.14,558.63,548.69
868,555.13,560.875,544.75
869,567.47,575.23,555.19
870,581.61,582.53,570.81
871,574.79,584.69,583.74
872,584.9,585.85,574.1
873,589.95,592.4,587.78
874,584.1,588.29,586.25
875,578.0,583.24,580.88
876,586.8,588.72,579.63
877,587.49,591.0,588.41
878,581.83,589.31,587.81
879,585.93,589.5739,587.9
880,596.99,598.07,585.25
881,591.57,600.11,598.42
882,595.0,596.65,591.18
883,602.5,603.8,597.27
884,599.49,605.4,605.4
885,595.05,597.56,597.27
886,589.51,596.07,593.29
887,580.95,590.15,588.78
888,582.24,583.92,581.64
889,590.39,591.48,584.9
890,590.0,591.945,591.11
891,591.74,593.72,593.42
892,600.27,600.6,591.97
893,599.14,603.52,601.63
894,595.13,598.5,597.78
895,592.13,598.0,593.14
896,591.73,594.49,589.52
897,582.95,589.3,588.63
898,582.35,582.8999,582.36
899,580.02,584.71,580.32
900,587.81,589.37,583.0
901,592.0,592.05,588.12
902,594.77,595.58,590.57
903,593.27,594.99,592.54
904,594.9,595.25,592.42
905,596.95,596.99,595.41
906,595.59,597.81,597.11
907,587.1,595.05,592.7
908,587.5,589.47,583.71
909,586.69,587.8,584.65
910,576.45,586.125,584.56
911,575.0,575.9,572.12
912,579.0,579.69,577.25
913,572.02,579.5639,577.94
914,576.05,578.31,571.81
915,569.5,578.644,574.49
916,579.38,580.2,573.14
917,576.51,583.82,582.27
918,578.555,583.43,573.6
919,588.96,591.9899,579.55
920,595.81,598.45,595.44
921,597.7,598.49,593.95
922,597.75,601.0980000000001,599.02
923,599.25,601.0,598.08
924,605.53,608.91,603.01
925,602.05,607.05,605.19
926,599.7,608.89,603.57
927,601.35,604.16,598.44
928,603.01,606.7,605.11
929,588.97,589.5,580.82
930,596.89,597.0,590.62
931,595.15,595.2999,593.06
932,590.6,594.86,594.26
933,581.0,588.23,586.65
934,573.0,585.25,580.04
935,578.95,584.1,583.36
936,586.365,587.97,578.4
937,593.51,595.645,590.76
938,591.7,594.25,593.08
939,592.26,594.15,590.78
940,587.65,593.66,591.49
941,586.76,587.71,584.67
942,585.45,587.88,585.69
943,589.3,589.6,584.77
944,573.55,587.3,585.93
945,574.22,582.25,572.54
946,564.35,574.44,574.29
947,566.45,566.77,566.52
948,561.15,565.0,564.99
949,552.8,561.4,560.66
950,552.36,553.74,550.615
951,557.25,557.99,552.3
952,560.08,560.65,560.35
953,567.0,567.0,559.5
954,565.92,568.97,567.5
955,568.78,572.0,568.3
956,566.75,572.0,570.73
957,568.16,568.7999,566.03
958,557.11,565.0,564.93
959,551.52,558.58,553.76
960,560.9,562.4,554.51
961,569.75,570.41,564.34
962,571.64,572.58,571.65
963,573.39,573.48,570.56
964,574.57,577.66,570.45
965,567.78,574.87,574.87
966,558.13,565.0,563.8
967,552.2,557.96,555.45
968,542.9,549.75,549.7
969,540.0,546.35,540.39
970,528.88,539.35,538.83
971,529.6,530.84,528.3
972,533.14,533.9999,529.12
973,541.82,541.82,534.41
974,539.58,543.99,541.54
975,531.84,538.75,538.43
976,518.65,527.35,526.62
977,515.72,527.35,520.17
978,523.25,524.43,518.0
979,533.41,534.548,522.57
980,530.24,535.72,535.33
981,541.44,542.4,533.87
982,534.25,539.91,538.53
983,535.12,536.34,534.88
984,523.89,537.76,536.33
985,525.8,525.9,522.98
986,532.26,533.86,523.1
987,541.69,542.5,534.44
988,543.67,544.8,537.51
989,536.0,547.995,545.5
990,544.0,544.0,539.37
991,556.32,557.0,543.34
992,557.7,564.0,563.9
993,551.0,552.89,548.7
994,543.66,553.02,545.2
995,537.94,547.59,537.76
996,568.0,568.21,546.69
997,565.84,567.8,567.04
998,545.05,559.88,557.51
999,544.79,549.85,540.63
1000,578.55,579.7173,545.25
1001,573.39,588.3,571.5
1002,1141.9,1144.8,1135.1
1003,1120.27,1137.5,1134.89
1004,1130.4,1135.0,1114.51
1005,1119.0,1133.19,1120.15
1006,1130.85,1131.94,1114.28
1007,1162.01,1171.57,1131.97
1008,1166.0,1169.84,1158.72
1009,1184.19,1184.9,1157.93
1010,1206.31,1209.63,1183.04
1011,1199.95,1209.61,1197.16
1012,1211.8,1211.99,1199.25
1013,1194.67,1211.53,1211.26
1014,1179.25,1197.07,1192.1
1015,1181.99,1190.87,1172.8
1016,1207.95,1210.5,1189.06
1017,1196.4,1207.85,1207.3
1018,1213.77,1214.32,1199.99
1019,1215.69,1217.64,1211.57
1020,1226.8,1226.99,1214.79
1021,1222.28,1226.14,1219.61
1022,1215.05,1223.08,1218.26
1023,1215.0,1216.0,1214.91
1024,1206.75,1207.84,1202.69
1025,1220.34,1224.19,1215.65
1026,1218.39,1224.24,1219.21
1027,1224.0,1228.88,1220.17
1028,1215.94,1224.5,1220.0
1029,1205.36,1220.16,1212.51
1030,1207.81,1209.87,1203.79
1031,1203.14,1206.88,1204.11
1032,1205.3,1209.22,1202.34
1033,1201.41,1212.87,1210.88
1034,1195.61,1204.39,1202.8
1035,1180.75,1199.9,1199.9
1036,1189.0,1190.0,1186.69
1037,1180.17,1191.87,1190.18
1038,1171.8,1182.4,1172.93
1039,1167.63,1177.9,1177.44
1040,1151.13,1160.16,1159.96
1041,1143.38,1150.77,1143.2
1042,1137.99,1155.0,1138.16
1043,1179.2,1181.72,1133.43
1044,1171.35,1186.54,1180.97
1045,1145.0,1152.49,1135.39
1046,1119.12,1121.75,1106.92
1047,1110.32,1125.75,1123.01
1048,1126.1,1126.5,1101.23
1049,1151.01,1153.54,1123.83
1050,1160.0,1162.49,1160.1
1051,1166.61,1167.89,1165.02
1052,1160.93,1164.0,1163.7
1053,1156.85,1160.63,1150.53
1054,1149.1,1157.93,1156.22
1055,1152.99,1155.0,1148.62
1056,1137.95,1151.0,1149.4
1057,1126.47,1146.91,1122.98
1058,1139.08,1139.08,1130.18
1059,1143.44,1144.22,1130.24
1060,1146.0,1147.32,1141.23
1061,1125.0,1139.69,1138.86
1062,1113.01,1118.86,1117.32
1063,1115.0,1116.93,1105.0
1064,1115.46,1117.75,1113.12
1065,1112.24,1121.0,1120.71
1066,1120.34,1120.5,1109.46
1067,1120.0,1120.28,1118.4
1068,1114.01,1119.0,1117.46
1069,1114.97,1115.24,1111.84
1070,1107.84,1115.8,1115.1
1071,1088.3,1101.17,1100.62
1072,1080.77,1091.99,1086.22
1073,1071.85,1084.95,1084.75
1074,1072.82,1080.76,1069.86
1075,1064.0,1074.69,1072.98
1076,1075.4,1076.29,1060.79
1077,1079.57,1082.94,1069.96
1078,1087.4,1091.32,1077.29
1079,1076.15,1092.31,1084.66
1080,1070.99,1082.31,1078.14
1081,1069.79,1070.0,1069.87
1082,1057.2,1059.66,1057.34
1083,1051.37,1063.98,1058.18
1084,1050.95,1063.44,1053.26
1085,1063.51,1066.35,1054.48
1086,1062.16,1066.62,1059.59
1087,1062.03,1068.0,1063.11
1088,1048.6,1061.5,1058.41
1089,1037.16,1053.19,1045.93
1090,1033.42,1036.17,1031.89
1091,1027.0,1038.31,1034.07
1092,1029.95,1033.36,1022.31
1093,1031.72,1034.75,1025.2
1094,1035.75,1048.74,1031.55
1095,1034.87,1038.0,1033.56
1096,1033.92,1039.75,1035.23
1097,1006.75,1032.85,1032.47
1098,1007.7,1017.56,1011.78
1099,1009.51,1015.93,1010.59
1100,1008.75,1018.5,1016.03
1101,1022.61,1023.93,1007.95
1102,1025.6,1027.0,1022.75
1103,1020.35,1031.65,1021.52
1104,1031.5,1032.37,1026.11
1105,1031.79,1036.0,1027.04
1106,1028.93,1041.52,1030.58
1107,1037.43,1037.51,1030.42
1108,1019.1,1036.94,1036.24
1109,1015.2,1023.43,1015.0
1110,1028.82,1028.82,1015.2
1111,1031.87,1040.57,1025.55
1112,1001.0,1034.75,1031.41
1113,1005.0,1013.0,1007.0
1114,1011.46,1019.0,1003.3
1115,976.58,1015.46,1011.41
1116,892.99,896.9,888.794
1117,885.87,898.33,898.029
1118,875.76,885.63,882.01
1119,866.66,876.25,876.11
1120,866.03,873.48,871.99
1121,863.84,868.83,868.24
1122,856.28,862.65,855.86
1123,865.32,865.98,853.67
1124,867.45,873.99,865.74
1125,875.0,877.5099,872.35
1126,888.0,894.1,876.09
1127,882.73,889.355,887.99
1128,880.25,887.67,887.0039999999999
1129,869.08,880.84,875.91
1130,874.82,877.52,876.39
1131,878.3,882.75,878.17
1132,886.55,886.55,877.23
1133,886.5,890.1,886.84
1134,896.15,901.59,886.5
1135,898.39,904.13,903.11
1136,905.99,905.99,898.39
1137,886.35,903.97,903.32
1138,887.41,888.395,886.11
1139,896.2,897.0,887.76
1140,894.5,895.68,889.068
1141,897.4,897.9,893.064
1142,888.54,896.97,896.19
1143,890.02,892.0,888.67
1144,883.73,889.75,888.054
1145,882.44,883.78,879.58
1146,873.5,879.88,879.56
1147,860.35,873.5,871.6339999999999
1148,854.36,866.19,860.38
1149,855.76,858.04,846.9
1150,849.07,860.38,855.43
1151,850.25,855.41,848.55
1152,859.62,863.73,850.15
1153,870.0,874.9,866.39
1154,877.83,878.0,870.21
1155,872.7,874.75,873.71
1156,870.65,876.909,869.33
1157,868.35,872.11,865.42
1158,857.71,872.0,865.65
1159,861.28,862.44,856.908
1160,864.44,864.92,859.66
1161,878.37,880.23,869.81
1162,886.83,888.5,881.25
1163,886.9,887.0,885.51
1164,890.56,895.52,890.41
1165,895.49,895.84,892.66
1166,895.04,898.45,890.65
1167,904.69,909.709,896.57
1168,905.39,905.525,905.0
1169,903.44,907.0,906.57
1170,895.0,904.55,904.22
1171,892.99,896.5089999999999,887.75
1172,885.46,895.61,890.92
1173,884.9,894.82,882.27
1174,886.99,889.99,885.35
1175,893.87,896.85,887.7
1176,907.26,910.3,902.9
1177,910.7,913.0,903.8
1178,902.0,912.67,910.7
1179,886.61,902.95,896.5980000000001
1180,918.99,920.0,910.68
1181,921.0,926.86,918.55
1182,927.13,927.97,919.6080000000001
1183,924.3,928.0,924.69
1184,920.0,923.0,923.0
1185,913.0,920.81,920.24
1186,903.45,911.135,905.99
1187,911.0,912.95,905.24
1188,899.21,906.27,905.09
1189,890.01,895.41,893.49
1190,880.02,889.17,886.43
1191,890.2,891.0,882.31
1192,886.45,892.08,887.88
1193,874.9,881.84,880.37
1194,878.8,884.69,877.07
1195,873.75,878.0,873.65
1196,877.26,879.68,866.2
1197,871.88,876.32,869.79
1198,888.34,889.88,880.93
1199,893.99,901.0,884.74
1200,901.37,910.84,900.68
1201,888.65,901.0,900.62
1202,879.23,889.43,886.25
1203,880.1,884.7,875.04
1204,868.98,879.66,877.0
1205,885.46,886.0,871.98
1206,883.97,887.0,879.81
1207,882.1,891.0,890.22
1208,870.42,880.0,879.73
1209,864.3,866.33,864.64
1210,862.51,869.45,859.7
1211,867.85,870.59,859.1
1212,873.0,873.9699,867.63
1213,868.12,877.0,871.2180000000001
1214,869.92,878.9,870.76
1215,875.71,877.99,868.31
1216,883.5,892.14,881.27
1217,875.26,878.82,873.32
1218,877.0,889.96,882.79
1219,902.56,909.31,889.42
1220,908.02,911.66,906.97
1221,905.0,920.6,908.53
1222,910.02,913.4889999999999,909.18
1223,919.0,919.9799,903.87
1224,895.5001,916.38,915.89
1225,877.5,888.69,887.1
1226,878.89,882.4699,877.53
1227,875.31,880.54,880.23
1228,870.84,879.66,871.48
1229,857.0,873.88,873.63
1230,863.01,863.8699,857.23
1231,848.26,861.85,861.55
1232,836.96,846.8,845.72
1233,820.1,834.55,829.61
1234,823.26,824.72,820.43
1235,819.0,827.64,824.57
1236,803.25,822.7,819.06
1237,807.6,807.74,801.42
1238,816.25,816.47,809.1
1239,808.11,818.0,813.454
1240,801.0,815.5,807.9
1241,800.6,803.9580000000001,800.1139999999999
1242,769.16,803.44,799.87
1243,785.35,785.8,765.914
1244,786.75,790.845,782.56
1245,786.59,796.0,793.37
1246,785.95,797.0,781.93
1247,791.99,792.102,790.05
1248,792.88,793.1,790.39
1249,782.92,792.35,790.18
1250,775.5,783.75,777.65
1251,778.75,779.55,774.85
1252,786.06,786.99,783.05
1253,804.25,805.75,795.07
1254,813.46,814.2,806.202
1255,804.54,814.83,813.04
1256,795.01,802.25,801.19
1257,803.99,805.37,794.188
1258,806.68,807.0,802.66
1259,813.5,813.9999,812.42
1260,812.41,819.23,809.64
1261,814.74,815.24,810.31
1262,811.29,816.9173,811.26
1263,816.83,817.51,814.7080000000001
1264,811.24,819.25,811.32
1265,805.0,812.76,807.79
1266,818.5,820.3,814.302
1267,826.99,826.99,821.54
1268,827.9,830.69,825.31
1269,830.71,831.89,827.61
1270,831.69,839.7,834.82
1271,834.5,834.9199,831.52
1272,834.06,836.62,832.596
1273,841.025,844.0,831.38
1274,828.93,840.1499,838.6039999999999
1275,805.3,822.84,821.5039999999999
1276,797.8,807.14,806.19
1277,801.1,806.99,801.2
1278,794.8,804.75,799.78
1279,795.0,795.9499,790.13
1280,802.3,808.41,790.77
1281,799.26,801.25,799.71
1282,798.0,805.45,795.53
1283,805.3,808.97,792.46
1284,795.99,807.0,806.85
1285,787.4,793.26,792.89
1286,779.73,788.74,787.82
1287,780.13,785.35,782.86
1288,781.75,787.9,780.7
1289,778.4,783.0,782.42
1290,780.13,786.67,785.37
1291,769.7,778.8099,773.95
1292,759.07,772.96,770.17
1293,761.13,771.11,765.74
1294,767.69,770.4739999999999,759.02
1295,758.2,776.6,775.6
1296,750.51,757.62,755.69
1297,753.74,760.95,753.83
1298,746.75,756.95,753.68
1299,751.76,755.6,750.73
1300,750.77,758.48,753.67
1301,741.24,756.8298,753.83
1302,735.99,749.0,741.5
1303,704.66,705.335,702.87
1304,709.43,712.77,704.51
1305,717.71,719.6389999999999,711.32
1306,722.4,724.34,715.19
1307,719.33,735.0,724.93
1308,737.0,742.2,723.25
1309,742.0,742.4264,739.99
1310,742.83,745.0,741.48
1311,732.27,738.35,738.118
1312,735.54,736.2999,733.3
1313,735.45,739.38,734.75
1314,729.34,741.47,737.97
1315,724.93,731.93,723.67
1316,719.42,727.0,723.25
1317,700.0,710.57,707.38
1318,701.69,706.91,700.01
1319,707.14,708.84,706.29
1320,708.07,712.88,708.87
1321,714.51,715.18,709.5
1322,713.97,718.819,715.63
1323,723.26,724.65,722.36
1324,720.71,723.0,720.11
1325,716.6,729.1,721.07
1326,705.5,738.28,720.78
1327,699.17,707.82,701.9632
1328,715.92,716.475,702.7
1329,699.23,703.51,697.56
1330,690.0,701.92,696.88
1331,685.39,691.65,685.42
1332,695.0,696.88,684.21
1333,687.59,695.61,691.13
1334,692.15,694.5,687.82
1335,695.0,695.51,691.03
1336,702.24,705.89,695.25
1337,691.31,699.22,698.37
1338,687.78,693.9,691.89
1339,668.01,684.91,683.67
1340,660.17,675.0,670.71
1341,666.44,667.0,661.15
1342,669.97,670.0,667.97
1343,668.99,669.8,665.87
1344,669.51,678.0,669.97
1345,655.7,668.92,668.21
1346,645.99,653.015,647.18
1347,650.0,660.0,647.26
1348,660.66,662.18,652.55
1349,663.0,667.6,659.0532
1350,663.75,669.8,665.9
1351,654.65,668.34,663.03
1352,670.2,671.49,652.29
1353,675.0,678.232,667.12
1354,685.48,686.5,681.72
1355,684.5,686.86,682.96
1356,694.79,695.55,687.918
1357,679.5,690.9,687.59
1358,679.86,681.0,680.2976
1359,676.5,683.03,675.15
1360,680.0,682.0,677.76
1361,686.8,687.0,677.3022
1362,672.01,687.33,680.35
1363,681.45,684.63,678.67
1364,705.58,706.7,681.79
1365,755.54,759.425,695.0
1366,743.95,756.34,755.49
1367,740.13,746.99,744.7
1368,741.94,743.83,740.98
1369,751.85,754.87,744.75
1370,752.9,758.5,751.48
1371,741.86,747.528,744.56
1372,759.67,761.319,744.09
1373,761.0,763.58,757.84
1374,770.71,774.38,767.65
1375,762.75,769.89,768.05
1376,755.72,763.92,762.5
1377,765.2,765.99,756.99
1378,759.05,765.0,761.78
1379,754.15,759.3,754.5
1380,759.95,762.84,756.5
1381,749.85,761.24,753.46
1382,753.05,764.89,749.16
1383,731.0,750.04,749.38
1384,732.21,734.92,733.99
1385,724.47,731.38,728.1166
1386,717.5,728.56,727.5
1387,707.78,718.66,718.28
1388,708.11,712.88,709.98
1389,709.6,713.0,709.68
1390,693.09,709.0,706.04
1391,689.41,694.909,690.88
1392,697.96,700.65,692.19
1393,709.76,712.81,700.77
1394,700.0,712.25,706.15
1395,685.96,699.89,699.4
1396,680.0,686.5,680.72
1397,684.55,685.0,681.04
1398,684.0,688.58,685.09
1399,684.24,687.39,681.68
1400,677.37,688.99,688.01
1401,665.0,677.62,677.25
1402,662.99,672.0,669.22
1403,675.6,680.45,678.63
1404,674.27,680.48,676.8
1405,667.38,680.6,677.18
1406,673.11,678.0,669.51
1407,675.5,678.87,675.54
1408,674.12,677.25,677.14
1409,667.51,674.64,672.87
1410,670.28,674.25,667.54
1411,659.25,672.85,668.66
1412,647.42,660.15,660.01
1413,638.59,642.24,642.0
1414,644.51,646.37,642.35
1415,639.05,645.87,642.23
1416,641.79,644.26,640.54
1417,639.61,649.38,642.82
1418,640.0,643.72,641.33
1419,625.51,638.03,628.75
1420,637.3,639.5084,632.68
1421,628.26,636.5,632.97
1422,636.05,642.6,632.3
1423,618.89,635.0,634.96
1424,615.0,616.87,613.36
1425,608.32,613.38,607.99
1426,615.0,617.93,607.57
1427,600.48,618.35,615.51
1428,608.76,612.94,610.82
1429,586.14,598.48,593.06
1430,576.98,583.69,580.76
1431,578.43,580.67,576.73
1432,576.37,579.19,574.92
1433,572.15,579.1482,576.52
1434,567.12,571.93,570.48
1435,576.3,577.85,571.19
1436,590.19,592.43,581.7
1437,584.95,588.6,586.01
1438,592.45,593.52,585.98
1439,588.76,600.06,595.92
1440,580.01,588.41,587.83
1441,581.82,582.9998,580.47
1442,574.96,580.13,580.07
1443,565.9,566.23,564.31
1444,567.7,573.988,569.3
1445,562.76,566.6,564.68
1446,567.33,568.0925,560.7
1447,568.0,571.48,571.48
1448,579.84,579.84,565.21
1449,579.81,580.0,577.51
1450,573.59,584.28,581.53
1451,562.62,574.21,570.85
1452,560.34,564.52,564.51
1453,561.3,565.07,559.05
1454,561.72,567.0,561.09
1455,569.77,570.3,565.1
1456,584.21,585.3175,568.5
1457,575.85,581.0,580.45
1458,587.6,587.89,578.23
1459,576.48,581.97,580.57
1460,575.45,578.13,570.41
1461,570.22,580.49,578.59
1462,571.79,572.65,570.98
1463,588.72,590.0,580.86
1464,588.16,591.9,588.23
1465,595.81,599.13,594.34
1466,601.0,601.73,591.53
1467,609.16,611.92,603.66
1468,601.65,609.6,609.46
1469,613.44,613.81,600.8
1470,600.51,615.694,614.11
1471,625.1,632.42,600.4
1472,633.83,637.85,623.05
1473,617.96,630.1,628.93
1474,605.35,615.0,611.11
1475,600.78,608.5,604.0
1476,610.35,614.55,605.23
1477,612.96,616.19,613.66
1478,606.82,616.38,609.15
1479,605.53,616.9,612.79
1480,595.0,610.57,607.55
1481,605.92,607.8885,596.97
1482,609.62,614.83,611.02
1483,601.2,608.11,607.26
1484,603.79,611.6,604.43
1485,612.99,616.082,604.85
1486,615.02,616.74,614.98
1487,610.91,618.0,615.47
1488,604.0,611.35,609.72
1489,598.24,606.63,601.27
1490,592.9,598.45,597.6
1491,604.25,608.85,596.06
1492,605.69,616.26,599.3
1493,608.05,612.8,607.45
1494,608.56,617.69,609.57
1495,623.0,623.81,606.07
1496,647.55,648.99,624.6
1497,642.35,653.14,651.01
1498,633.97,636.0,635.96
1499,633.52,634.5,626.86
1500,628.48,635.33,630.84
1501,632.24,636.43,632.32
1502,638.45,639.0,635.15
1503,645.41,647.95,642.62
1504,640.77,647.5,646.92
1505,651.75,653.49,641.24
1506,653.44,656.59,648.41
1507,652.03,658.5889999999999,655.76
1508,647.03,653.5,647.02
1509,645.0,649.49,649.33
1510,646.6,648.5,642.59
1511,638.5,648.8,646.05
1512,634.61,647.39,639.98
1513,630.92,636.06,633.49
1514,623.12,637.27,633.98
1515,620.89,625.908,625.04
1516,616.6,623.5,621.13
1517,615.0,622.78,615.99
1518,608.75,617.85,617.78
1519,600.0,607.0,605.15
1520,607.95,611.9,600.25
1521,610.04,611.5,607.14
1522,609.05,611.1878,606.8
1523,608.05,608.81,604.96
1524,620.43,622.49,614.25
1525,622.0,624.0,621.25
1526,622.26,625.7,622.4
1527,618.6,625.6,618.25
1528,610.0,619.77,618.39
1529,606.59,612.36,609.31
1530,607.35,611.65,609.9
1531,605.6512,607.94,606.11
1532,611.96,616.78,607.94
1533,603.87,617.88,614.0
1534,604.97,607.63,604.64
1535,602.82,608.81,606.52
1536,612.93,612.93,605.56
1537,611.54,612.0,609.76
1538,610.5,613.8385,612.2
1539,607.88,608.13,605.91
1540,612.02,614.5,611.46
1541,608.64,611.35,609.85
1542,607.15,609.39,606.77
1543,595.01,610.83,609.09
1544,590.66,597.07,596.33
1545,584.87,586.41,585.11
1546,584.94,585.5,580.83
1547,583.0,584.0,580.11
1548,578.05,580.0,577.69
1549,570.78,580.32,579.98
1550,571.98,574.48,568.1
1551,577.51,578.71,569.49
1552,586.32,587.68,580.93
1553,586.0,588.66,585.52
1554,590.53,591.0,585.99
1555,640.99,640.99,639.57
1556,626.63,634.0,632.91
1557,631.98,631.98,628.58
1558,626.26,626.95,624.99
1559,631.22,632.89,629.64
1560,623.5,629.39,625.96
1561,629.75,633.8,623.14
1562,646.5,647.0,622.46
1563,659.15,660.0,650.02
1564,662.13,663.97,659.01
1565,665.03,670.25,668.28
1566,652.94,668.15,665.41
1567,642.02,646.76,645.9
1568,641.49,643.0,642.4
1569,642.75,645.0,639.7
1570,632.05,644.49,640.25
1571,632.0,634.68,633.14
1572,627.95,631.73,629.7
1573,630.01,631.82,625.82
1574,628.0,631.84,630.37
1575,628.01,628.5,621.83
1576,624.32,629.32,625.96
1577,622.52,624.0,619.54
1578,621.8480000000001,624.32,618.07
1579,628.76,636.5599,625.63
1580,621.88,626.18,625.39
1581,618.0,629.13,627.42
1582,621.04,627.45,616.05
1583,621.68,625.66,623.39
1584,622.99,628.62,623.77
1585,627.64,631.9,625.65
1586,617.05,624.0,620.36
1587,600.0,616.0,613.77
1588,597.95,599.51,599.39
1589,587.88,590.36,582.93
1590,579.37,588.82,588.19
1591,565.19,574.27,563.0
1592,575.35,580.25,570.11
1593,580.0,584.97,580.0
1594,587.76,588.5,580.94
1595,602.0,604.5,594.88
1596,610.05,612.29,600.87
1597,612.08,618.3,611.47
1598,612.8,618.08,616.56
1599,608.0,618.08,613.0
1600,601.3,612.09,608.35
1601,605.935,605.9473,595.08
1602,604.26,609.39,600.95
1603,609.0,614.37,612.34
1604,593.32,608.78,608.33
1605,593.5,599.74,596.14
1606,587.0,597.5,597.5
1607,584.9,587.96,584.82
1608,580.1,585.51,578.65
1609,595.09,599.69,592.64
1610,594.52,602.3,600.14
1611,598.42,602.7,598.67
1612,589.55,590.18,586.31
1613,593.1,595.0,583.16
1614,586.72,599.97,596.42
1615,589.51,592.75,590.49
1616,581.9,588.89,583.67
1617,587.34,592.06,580.7
1618,580.19,592.56,590.51
1619,583.72,591.83,582.41
1620,599.47,599.6,591.68
1621,550.03,559.0,558.99
1622,548.13,555.23,548.5
1623,533.46,546.8,543.18
1624,525.18,537.47,537.17
1625,516.83,520.5,515.12
1626,507.5,515.23,514.71
1627,496.35,507.8,504.7
1628,490.03,503.44,501.9
1629,509.85,512.0,495.52
1630,520.21,524.0,515.04
1631,536.04,537.3,527.5
1632,541.5,544.02,528.84
1633,538.2,547.05,539.34
1634,527.25,532.93,531.89
1635,516.56,526.42,525.51
1636,526.25,528.7769999999999,520.66
1637,547.69,555.0,539.2
1638,549.4,558.52,546.625
1639,540.35,549.9,546.67
1640,544.8,546.84,546.68
1641,535.5,544.98,542.56
1642,532.59,536.95,532.07
1643,532.0,533.88,529.52
1644,520.67,531.99,530.12
1645,531.4,534.65,524.85
1646,533.8,539.1,534.96
1647,530.45,535.939,534.03
1648,510.8,522.76,522.18
1649,524.47,527.9197,524.84
1650,540.75,543.83,532.5
1651,544.74,546.3,540.96
1652,538.19,542.99,540.7
1653,534.56,539.45,539.08
1654,519.99,530.4540000000001,526.86
1655,530.38,537.27,520.04
1656,519.33,530.0,523.29
1657,503.5,521.41,518.82
1658,504.0,507.0,498.17
1659,499.34,514.87,490.92
1660,523.47,524.89,504.88
1661,540.03,543.69,533.15
1662,552.43,552.44,539.0
1663,553.43,564.99,557.23
1664,569.5,570.5,563.77
1665,553.82,568.5,562.13
1666,561.38,564.12,549.01
1667,561.0,574.61,573.41
1668,562.98,569.0,546.02
1669,582.545,590.0,579.04
1670,594.5,598.85,577.52
1671,594.27,603.0,601.17
1672,606.0,609.67,592.4
1673,611.22,615.5,606.77
1674,604.23,614.96,603.69
1675,605.19,615.98,610.94
1676,617.18,620.95,607.22
1677,618.05,627.4992,622.52
1678,613.36,625.4092,618.98
1679,605.39,619.5,618.23
1680,594.03,608.06,606.99
1681,602.18,602.83,595.35
1682,596.14,604.68,602.55
1683,592.49,602.05,594.94
1684,597.5,600.25,597.62
1685,539.12,542.0,528.94
1686,537.0,544.0,538.26
1687,528.16,539.42,534.01
1688,528.18,535.98,527.28
1689,532.95,537.65,531.99
1690,541.0,550.68,546.6
1691,533.5,538.51,535.36
1692,525.3,535.4,532.44
1693,506.74,521.18,521.028
1694,501.99,506.67,506.38
1695,496.54,500.25,497.57
1696,484.02,496.2075,493.65
1697,474.0,488.4,482.8
1698,480.68,480.75,474.88
1699,482.13,482.86,480.22
1700,491.45,492.35,487.005
1701,487.19,493.94,493.0
1702,485.0,486.23,484.58
1703,506.18,506.69,485.02
1704,502.81,506.57,500.37
1705,505.03,508.35,502.95
1706,508.15,514.08,508.37
1707,510.0,510.2,504.73
1708,514.08,516.69,509.505
1709,520.0,520.0,516.73
1710,516.53,521.24,519.17
1711,522.89,524.63,519.03
1712,525.18,526.8182,521.06
1713,522.0,527.6,523.08
1714,527.57,530.3,528.06
1715,528.04,533.1999,525.6
1716,525.0,529.05,529.02
1717,518.48,521.79,520.9
1718,517.7,522.12,518.13
1719,517.33,522.77,519.67
1720,520.37,523.962,518.26
1721,516.6,520.0,518.39
1722,531.8,531.99,524.03
1723,532.73,536.54,531.25
1724,529.54,530.33,529.81
1725,515.43,531.22,530.46
1726,526.31,527.27,518.42
1727,534.61,535.92,529.55
1728,535.24,536.94,535.05
1729,540.14,543.5471,535.45
1730,540.0,544.43,542.66
1731,535.0,538.49,537.68
1732,538.15,541.46,535.3
1733,533.86,539.4212,534.27
1734,535.17,539.0,535.79
1735,537.13,542.01,533.89
1736,545.7,545.73,538.56
1737,540.0,544.1,544.1
1738,538.06,539.248,537.97
1739,538.0,538.11,537.76
1740,526.52,537.4399,532.82
1741,525.25,527.0,525.05
1742,527.49,528.28,525.1
1743,525.9,526.82,525.73
1744,529.95,530.88,521.53
1745,526.42,527.664,526.84
1746,545.29,545.75,530.7
1747,575.19,579.45,578.51
1748,575.51,577.6,576.28
1749,575.0,576.915,570.61
1750,576.2,578.1,577.37
1751,584.8864,584.89,578.16
1752,575.73,580.64,580.0
1753,572.18,575.16,574.18
1754,581.08,581.49,569.09
1755,593.0,594.74,587.68
1756,588.76,595.19,591.8
1757,583.0,588.1612,586.76
1758,584.38,585.5,581.84
1759,576.0,581.89,581.73
1760,582.07,584.99,575.36
1761,586.88,586.91,579.74
1762,585.43,588.39,586.89
1763,575.19,582.45,582.16
1764,577.27,579.23,577.32
1765,570.22,579.8,576.5
1766,564.64,567.99,561.06
1767,564.48,569.0,561.36
1768,568.01,569.79,557.1
1769,557.5,571.0,569.56
1770,572.8,578.29,569.99
1771,578.22,580.0,576.71
1772,585.44,586.62,580.3
1773,591.0,594.51,591.77
1774,592.93,597.98,592.31
1775,600.55,603.69,591.66
1776,608.33,608.98,600.62
1777,606.38,611.49,609.56
1778,599.8,606.0,600.79
1779,617.78,619.22,600.76
1780,610.0,616.49,613.4
1781,611.86,614.72,610.04
1782,611.39,613.09,608.82
1783,610.33,614.7,611.32
1784,620.03,624.93,610.21
1785,626.0,631.18,630.08
1786,621.25,627.25,625.26
1787,625.63,626.5,624.22
1788,627.32,630.09,624.15
1789,623.34,629.639,628.15
1790,613.79,625.0,624.5
1791,613.9,617.5,616.44
1792,616.87,619.45,616.5
1793,614.93,619.6289,618.38
1794,610.16,618.39,614.295
1795,610.15,611.442,610.98
1796,609.48,611.45,610.15
1797,611.0,614.34,612.0
1798,604.49,613.355,611.04
1799,603.6,604.47,600.36
1800,619.07,620.36,600.99
1801,617.89,619.7,616.79
1802,620.33,622.49,616.5
1803,608.2,620.69,619.91
1804,607.57,612.49,611.08
1805,639.58,641.73,611.83
1806,632.21,634.08,626.77
1807,642.12,642.96,631.75
1808,626.06,641.99,639.63
1809,617.4,624.27,624.18
1810,616.97,619.67,616.69
1811,619.35,619.35,616.87
1812,617.71,618.8,616.01
1813,614.8,615.39,614.21
1814,615.91,618.25,616.44
1815,610.68,618.43,613.5
1816,600.07,610.33,609.07
1817,605.62,606.18,602.12
1818,596.48,605.59,604.35
1819,596.74,598.42,593.97
1820,598.0,601.3340000000001,598.86
1821,602.0,602.41,601.0
1822,602.05,603.87,598.92
1823,602.74,603.78,602.38
1824,605.34,606.0,604.23
1825,604.0,607.0,605.49
1826,598.57,604.7199,603.07
1827,594.65,597.8799,595.06
1828,591.0,592.56,590.8
1829,592.85,593.77,591.71
1830,594.2,596.45,590.3
1831,597.09,598.29,594.91
1832,597.12,603.0,594.62
1833,593.14,593.99,592.21
1834,593.88,595.58,591.5
1835,591.97,592.52,590.54
1836,591.27,593.0,587.14
1837,580.57,582.0,578.36
1838,569.45,576.48,573.0
1839,568.6618,573.33,571.82
1840,563.0,571.57,564.35
1841,574.32,574.32,555.71
1842,589.17,589.8,582.11
1843,590.46,592.98,590.0
1844,587.31,596.6,594.97
1845,587.01,589.01,583.01
1846,587.47,593.44,591.22
1847,597.0,597.89,590.83
1848,589.0,599.98,596.56
1849,585.0,589.5,583.55
1850,592.76,597.89,583.72
1851,603.08,604.0,595.47
1852,613.99,616.9,603.29
1853,619.7,619.85,617.19
1854,622.08,623.0,622.88
1855,630.0,630.85,624.82
1856,624.02,629.49,626.77
1857,623.18,625.49,625.08
1858,624.64,629.92,624.27
1859,617.5,621.83,620.18
1860,618.67,620.0,615.6
1861,615.73,620.66,615.0
1862,617.07,619.0,613.7
1863,620.05,621.0,618.58
1864,615.77,620.0,616.47
1865,613.1,621.23,618.6
1866,615.5878,624.74,616.5
1867,611.92,614.82,612.53
1868,611.51,616.0,611.99
1869,608.14,617.38,607.98
1870,608.85,614.82,607.83
1871,600.55,619.69,617.71
1872,599.27,601.64,601.45
1873,544.18,545.25,540.93
1874,547.0,547.493,543.3
1875,540.12,545.9899,541.39
1876,538.48,544.6,538.84
1877,532.77,537.605,536.35
1878,536.21,537.2,530.01
1879,539.26,539.9499,534.35
1880,528.38,540.0,538.23
1881,524.95,528.25,522.35
1882,530.0,530.62,525.62
1883,529.16,531.869,525.79
1884,527.85,532.9385,527.69
1885,533.48,533.59,527.17
1886,528.8481,536.849,530.41
1887,521.74,527.8290000000001,527.29
1888,514.61,519.6885,513.48
1889,512.86,517.78,516.0
1890,509.68,519.98,513.46
1891,492.5,510.41,508.28
1892,483.75,491.2,490.15
1893,479.95,482.45,481.06
1894,479.95,481.89,480.64
1895,482.01,484.75,480.43
1896,480.9,484.35,482.27
1897,479.02,479.79,476.14
1898,477.83,480.4,476.18
1899,465.19,472.4997,470.58
1900,464.5,467.59,464.4
1901,470.52,471.88,470.3
1902,462.84,464.43,463.18
1903,454.98,464.94,460.33
1904,450.11,454.87,450.02
1905,459.15,459.76,452.69
1906,452.56,459.99,458.83
1907,456.06,457.26,450.98
1908,450.0,457.81,454.62
1909,457.7,458.37,451.39
1910,461.5,468.25,464.07
1911,467.97,471.59,462.02
1912,481.01,482.51,467.97
1913,490.44,490.87,482.15
1914,488.53,494.7,490.52
1915,483.68,489.87,485.59
1916,489.0,491.19,486.35
1917,483.94,494.75,492.01
1918,497.73,498.0,491.74
1919,502.35,506.0,503.71
1920,502.25,505.5,505.35
1921,505.4,505.74,500.22
1922,505.89,508.6,508.1
1923,492.18,507.0,506.32
1924,490.5,492.46,489.83
1925,488.99,493.28,490.41
1926,479.65,487.36,484.85
1927,485.95,488.88,484.99
1928,494.94,495.25,484.35
1929,490.575,497.5,492.63
1930,489.09,490.749,488.97
1931,480.77,490.59,490.06
1932,483.23,488.98,484.81
1933,484.0,485.7,477.5
1934,461.03,482.99,481.59
1935,461.01,469.65,466.18
1936,469.12,470.56,459.605
1937,491.73,494.7,494.02
1938,489.88,493.83,491.336
1939,482.25,492.99,489.2
1940,472.37,479.44,475.83
1941,471.96,473.26,467.49
1942,453.55,457.33,456.56
1943,438.31,451.29,450.2
1944,444.0,447.6699,436.07
1945,441.62,442.2842,436.55
1946,445.29,448.4,439.49
1947,454.96,457.83,444.95
1948,463.44,464.55,454.26
1949,472.59,477.55,472.08
1950,477.06,477.64599999999996,472.68
1951,479.66,482.75,475.1
1952,486.89,486.89,482.05
1953,489.9,496.6,486.25
1954,499.9,500.967,488.56
1955,502.51,503.47,500.03
1956,503.45,505.87,500.08
1957,496.17,504.0,501.27
1958,483.08,500.4,497.99
1959,494.48,494.5,483.19
1960,482.5,488.71,488.5
1961,480.37,488.5,487.01
1962,487.22,488.88,474.02
1963,487.85,488.84,484.78
1964,499.06,500.9099,485.52
1965,499.72,509.25,498.72
1966,495.11,508.0,505.6
1967,486.68,493.8699,493.37
1968,480.43,491.06,482.37
1969,492.74,493.45,485.63
1970,484.86,492.31,490.46
1971,482.07,489.76,475.47
1972,468.155,477.45,477.07
1973,480.73,489.79,477.16
1974,469.06,485.0,472.05
1975,485.07,485.58,475.01
1976,496.26,499.44,494.43
1977,510.0,510.97,498.37
1978,506.78,508.3608,507.97
1979,509.77,510.99,507.53
1980,516.5,522.0,510.88
1981,512.04,512.04,505.39
1982,515.67,519.88,509.05
1983,513.97,522.82,521.65
1984,499.97,505.32,493.14
1985,508.75,517.52,498.67
1986,500.98,515.72,509.76
1987,526.52,526.74,506.37
1988,526.5,532.92,530.6
1989,531.13,537.68,525.695
1990,533.37,536.5,532.0
1991,532.1,534.83,529.19
1992,528.94,538.33,529.06
1993,544.97,544.99,531.64
1994,547.25,549.32,544.99
1995,552.0,552.5,547.06
1996,556.46,560.25,554.3
1997,554.17,559.6565,555.04
1998,548.75,553.99,550.1
1999,563.0,568.81,550.145
2000,592.17,597.84,595.3
2001,590.06,592.34,589.0
2002,572.53,588.88,586.77
2003,567.35,574.0,572.73
2004,568.0,568.77,566.22
2005,563.32,569.8515,567.49
2006,567.3,568.75,563.54
2007,569.46,570.89,568.22
2008,570.9,574.88,571.01
2009,571.35,573.45,568.8
2010,565.05,569.74,567.12
2011,562.83,567.63,566.71
2012,563.0,564.72,562.45
2013,565.27,567.39,562.69
2014,560.48,572.0,562.88
2015,545.51,559.8495,557.33
2016,557.04,558.312,549.0
2017,556.11,566.85,557.5
2018,566.23,568.0,560.0
2019,564.72,568.44,566.4
2020,568.3,571.4499,565.56
2021,561.83,568.42,565.2
2022,566.68,569.45,563.18
2023,588.14,588.275,579.54
2024,574.26,586.21,581.14
2025,563.76,578.5,576.45
2026,559.85,564.66,560.19
2027,564.78,565.18,562.48
2028,561.35,567.67,564.21
2029,546.5,556.13,554.59
2030,542.36,548.12,545.32
2031,535.48,545.66,541.06
2032,529.2,533.29,532.69
2033,527.42,531.75,526.8
2034,527.12,528.4899,526.43
2035,534.39,538.44,531.47
2036,543.0,543.63,535.07
2037,547.35,547.5,542.8
2038,541.0,544.03,540.763
2039,537.54,545.01,543.22
2040,542.0,543.4,538.207
2041,537.14,544.13,541.3
2042,532.97,537.15,533.12
2043,532.25,540.49,536.4
2044,534.07,537.79,534.445
2045,539.54,541.53,536.44
2046,532.5,542.0,533.47
2047,528.4,533.4985,531.29
2048,537.0,538.0,526.778
2049,528.67,542.1,540.82
2050,534.9554,534.96,531.12
2051,534.602,535.81,533.02
2052,538.49,540.99,529.944
2053,544.49,546.9999,534.29
2054,541.27,547.65,542.1
2055,537.97,549.6,542.42
2056,546.59,549.8775,540.0
2057,564.5,570.6,550.01
2058,583.44,586.8185,582.98
2059,585.98,585.98,580.41
2060,581.49,590.42,587.62
2061,591.59,593.56,580.0
2062,583.9,594.2,589.85
2063,576.49,588.38,587.09
2064,598.08,598.16,590.48
2065,604.46,604.46,601.11
2066,592.0,603.25,602.02
2067,609.4,610.0,594.1
2068,625.86,625.86,608.26
2069,627.18,627.84,623.99
2070,626.95,629.51,626.75
2071,624.75,625.4,619.98
2072,618.5,622.73,622.73
2073,624.74,624.8425,619.4
2074,621.66,625.99,622.87
2075,612.93,619.52,618.48
2076,603.5,612.8698,611.68
2077,601.34,601.5,601.12
2078,597.95,599.84,598.68
2079,596.03,598.93,596.42
2080,596.44,597.64,593.94
2081,598.91,600.37,597.76
2082,593.3,596.38,593.14
2083,595.24,597.31,595.73
2084,594.68,594.75,590.51
2085,590.44,594.71,591.5
2086,587.5,589.33,589.02
2087,583.5,590.66,587.05
2088,584.23,588.69,586.25
2089,593.02,594.832,585.01
2090,589.04,591.45,585.74
2091,590.98,593.01,587.51
2092,588.13,591.22,589.87
2093,580.63,583.67,583.0
2094,572.0,582.46,579.76
2095,586.4054,587.0599,585.74
2096,582.5,584.29,583.09
2097,576.49,586.6,582.35
2098,569.5,571.6,569.964
2099,573.77,574.0,572.99
2100,576.65,578.78,576.65
2101,574.87,577.5,577.49
2102,575.0,576.99,576.28
2103,569.29,572.51,572.05
2104,569.56,572.9,567.85
2105,570.48,573.5,570.56
2106,562.73,568.78,566.76
2107,555.45,562.58,562.51
2108,547.72,551.78,551.1
2109,543.49,549.77,548.65
2110,540.8,545.5,540.33
2111,530.01,537.5,537.29
2112,537.08,539.46,533.99
2113,550.0,550.17,536.12
2114,543.01,551.83,551.05
2115,547.87,550.0,540.3
2116,550.97,554.56,548.29
2117,555.75,561.64,554.21
2118,555.25,557.89,553.69
2119,550.0,555.0,554.09
2120,549.91,559.35,551.1
2121,551.64,552.95,551.72
2122,552.69,553.6,552.09
2123,547.33,554.75,549.85
2124,533.75,536.9,529.91
2125,532.46,535.58,535.32
2126,524.39,527.46,526.11
2127,523.42,525.76,524.04
2128,516.65,521.51,516.25
2129,519.57,523.25,514.18
2130,499.0,518.99,517.54
2131,491.7001,499.37,498.74
2132,487.65,492.43,488.52
2133,483.74,491.74,484.58
2134,493.0,496.47,487.2
2135,500.0,500.14,495.85
2136,499.53,499.75,498.53
2137,494.84,501.5,498.53
2138,494.29,499.93,492.48
2139,500.47,501.41,496.77
2140,500.78,507.0,498.46
2141,500.92,501.99,499.06
2142,487.74,498.9,497.0
2143,496.77,496.98,491.46
2144,490.57,497.37,491.72
2145,479.8,489.37,488.29
2146,475.08,478.91,477.54
2147,470.51,476.8,475.12
2148,470.4,473.3,472.14
2149,466.65,470.94,470.94
2150,459.06,466.27,463.97
2151,464.29,466.99,458.62
2152,457.57,462.6,461.3
2153,455.82,458.25,457.52
2154,455.82,458.33,453.01
2155,459.68,466.82,455.76099999999997
2156,459.79,461.86,461.67
2157,469.26,472.37,464.75
2158,468.58,468.58,466.06
2159,472.76,473.0,468.0
2160,469.13,474.35,471.37
2161,467.35,470.09,468.73
2162,465.54,466.09,465.24
2163,452.0,462.18,460.41
2164,439.99,445.0,443.97
2165,445.1,447.7,445.28
2166,451.5,451.99,444.89
2167,462.78,463.18,460.0
2168,462.15,464.72,462.28
2169,455.41,461.75,458.58
2170,453.67,457.23,453.936
2171,455.14,458.41,456.61
2172,455.67,459.42,457.1
2173,454.3,454.88,450.36
2174,456.0,456.91,451.14
2175,449.37,454.0,453.73400000000004
2176,448.74,453.9,452.21
2177,449.98,452.7,443.05
2178,442.61,451.47,445.64
2179,437.23,437.8,436.24
2180,441.0,442.81,439.85
2181,446.04,446.75,444.8
2182,435.81,450.49,446.72
2183,428.68,441.21,437.342
2184,428.0,430.2,427.69
2185,430.94,431.9,427.9
2186,429.88,432.8495,430.17
2187,433.0,435.48,430.25
2188,436.68,445.75,442.6
2189,429.66,438.68,438.17
2190,423.71,426.73,424.69
2191,416.17400000000004,424.52,424.3
2192,409.575,417.37,414.4
2193,406.12,414.45,410.39
2194,400.0,406.0,402.49
2195,408.24,409.19,396.63
2196,406.5,410.64,409.61
2197,415.41,415.41,408.49
2198,424.2,426.4,418.99
2199,424.0,427.21,421.59
2200,426.0,427.8,424.14
2201,413.68,428.23,425.32
2202,407.0,415.9,415.77
2203,408.74,412.23,409.29
2204,406.65,408.99,405.68
2205,416.95,417.49,407.35
2206,418.21,420.46,420.09
2207,415.68,418.69,414.06
2208,416.19,419.72,415.16
2209,419.31,421.09,416.0
2210,421.5,421.5,416.77
2211,426.86,427.7,424.84
2212,431.77,433.73,429.0
2213,436.23,437.89,432.6
2214,438.58,440.5,435.62
2215,439.5,440.92,438.77
2216,445.07,447.34,444.32
2217,435.3,441.24,440.28
2218,426.0,432.463,431.65
2219,426.25,429.96,428.4
2220,418.73,429.6,426.56
2221,412.11,417.2329,417.23
2222,408.68,411.62,410.4
2223,405.64,411.8585,405.56
2224,391.9495,405.0,404.36
2225,396.66,398.65,393.5
2226,396.3,402.84,396.5
2227,402.09,405.67,397.18
2228,396.1,401.64,398.88
2229,394.73,397.31,396.84
2230,391.1,394.11,390.0
2231,388.8,392.21,387.5
2232,394.09,396.39,389.54
2233,410.01,410.99,399.01
2234,402.8,412.0,407.98
2235,402.85,410.1284,407.33
2236,404.1,404.99,396.61
2237,406.79,408.28,403.47
2238,399.98,405.0,402.99
2239,398.17,402.4,401.9793
2240,395.03,397.59,393.69
2241,395.76,403.75,395.97
2242,385.97,394.97,391.47
2243,383.75,389.05,383.71
2244,384.34,389.49,385.95
2245,386.05,393.18,389.49
2246,387.51,389.75,384.69
2247,381.75,390.0,383.86
2248,376.17,384.3,381.47
2249,386.15,390.65,379.3
2250,386.02,399.82,392.24
2251,381.5,392.9,388.74
2252,367.1,381.06,379.5
2253,376.94,376.99,368.91
2254,371.33,379.1,378.11
2255,369.5,374.35,372.5
2256,363.5,365.0,362.0
2257,362.6,363.75,358.65
2258,367.0,369.82,368.24
2259,364.5,371.72,369.78
2260,363.31,369.76,362.5
2261,343.78,355.24,354.09
2262,348.934,353.51,348.06
2263,342.548,343.81,342.69
2264,350.0,351.9961,347.7
2265,353.13,359.16,353.29
2266,350.4,351.34,344.07
2267,346.5,353.84,347.32
2268,333.56,349.45,348.601
2269,330.3,332.99,330.16
2270,331.68,336.0,329.94
2271,334.79,340.0,333.1
2272,320.18,335.34,335.34
2273,325.99,329.73,319.69
2274,326.1,327.46,324.42
2275,317.54,325.0,323.53
2276,310.1,320.0,317.91
2277,298.25,310.5,308.17
2278,299.64599999999996,306.57,290.89
2279,307.22,310.19,308.57
2280,316.22,319.08,305.64
2281,323.16,329.0,318.92
2282,330.07,333.69,325.48
2283,333.33,340.6999,327.16
2284,332.95,343.82,337.99
2285,345.98,352.49,337.18
2286,342.15,352.3,341.64
2287,331.02,349.62,345.45
2288,347.0,349.8,330.06
2289,338.05,348.92,346.45
2290,357.5,359.8,342.64
2291,347.04,353.38,353.11
2292,345.59,347.09,342.66
2293,361.43,362.99,357.68
2294,353.16,363.62,363.05
2295,358.96,365.0,358.04
2296,375.26,377.5,358.51
2297,370.82,381.0,378.77
2298,356.46,373.81,371.28
2299,340.47,355.38,353.72
2300,340.296,354.44,343.0
2301,342.57,343.0,340.45
2302,334.27,345.0,340.57
2303,344.69,348.8,338.53
2304,344.54,345.05,343.32
2305,337.98,352.33,348.67
2306,326.0,333.87,331.48
2307,324.85,328.0,323.87
2308,309.279,331.96,324.7
2309,298.04,309.35,306.5
2310,289.79,303.5,303.08
2311,299.14,299.5,282.75
2312,305.02,308.25,299.67
2313,297.57,303.58,298.99
2314,310.0,313.8,300.97
2315,311.77,320.6,314.32
2316,316.31,318.95,312.69
2317,327.5,327.5,315.07
2318,318.28,325.19,325.19
2319,328.32,330.9099,322.01
2320,332.98,340.79900000000004,334.06
2321,321.0,331.24,328.05
2322,308.5995,321.8199,321.32
2323,304.2,311.0,307.65
2324,300.8,306.81,303.11
2325,300.22,301.38,297.42
2326,304.07,305.26,300.36
2327,301.4799,306.34,302.95
2328,300.43,303.31,298.02
2329,308.56,309.5,297.11
2330,316.27,317.79,310.17
2331,316.7,320.35,310.28
2332,318.64,322.13,315.24
2333,314.52,329.5,325.28
2334,314.01,318.49,310.67
2335,295.71,316.47,315.76
2336,304.17,312.88,300.22
2337,309.24,314.9,308.82
2338,297.69,318.0,305.97
2339,289.99,309.44,302.11
2340,271.02,284.24,283.99
2341,276.53,283.49,274.34
2342,269.85,281.36,279.43
2343,269.73,277.78,275.11
2344,286.68,287.3799,265.99
2345,290.58,296.45,292.96
2346,280.28,295.46,292.09
2347,268.68,286.66,282.05
2348,269.26,269.95,257.44
2349,262.51,269.37,262.43
2350,274.89,282.94,259.56
2351,295.39,300.19,280.18
2352,301.57,303.73,297.42
2353,303.0,310.16,300.12
2354,303.25,324.99,310.02
2355,291.77,313.0,312.08
2356,302.05,312.4899,291.0
2357,308.69,316.3,311.46
2358,328.0,329.444,318.78
2359,333.12,341.15,331.14
2360,339.97,344.42,331.22
2361,362.15,368.88,342.24
2362,353.44,372.36,366.94
2363,357.58,362.99,346.49
2364,356.16,371.9599,359.36
2365,368.46,372.0,359.69
2366,365.79,371.0,358.0
2367,339.05,369.31,368.75
2368,334.81,343.0,329.49
2369,326.47,350.47,339.29
2370,353.65,358.0,352.32
2371,356.99,369.69,355.67
2372,372.39,383.78,362.75
2373,379.75,380.98,379.32
2374,378.96,386.0,372.54
2375,332.76,356.5,353.02
2376,354.65,359.0,339.17
2377,393.53,394.5,362.71
2378,355.79,381.95,381.02
2379,313.16,341.89,332.0
2380,344.52,348.5661,328.98
2381,330.16,358.99,338.11
2382,373.33,374.98,346.01
2383,373.98,375.99,371.21
2384,399.9,412.4999,386.91
2385,409.79,409.98,390.49
2386,411.15,416.98,411.72
2387,395.98,425.08,400.52
2388,419.51,423.51,381.0
2389,428.0,437.16,431.04
2390,438.84,450.0,439.6
2391,430.34,445.0,435.11
2392,433.25,440.79,429.27
2393,454.13,454.13,430.14
2394,461.0,462.07,449.15
2395,422.64,439.18,439.08
2396,438.48,439.14,414.49
2397,425.96,449.28,442.93
2398,424.0,441.97,433.86
2399,430.21,441.99,437.66
2400,408.35,435.09,433.75
2401,424.47,424.48,414.16
2402,423.17,432.38,418.66
2403,452.02,452.94,419.95
2404,445.49,452.45599999999996,444.25
2405,460.0,463.24,450.26
2406,468.195,474.2899,464.41
2407,476.77,482.18,465.25
2408,469.75,471.01,463.29
2409,472.49,476.45,473.78
2410,473.73,474.83,468.58
2411,483.46,483.46,474.16
2412,486.11,497.0,483.01
2413,491.5,494.876,490.59
2414,482.92,489.8999,486.53
2415,494.72,496.69,485.0
2416,490.43,498.28,490.5
2417,509.84,510.0,498.3
2418,506.99,510.66,510.15
2419,497.7,507.61,505.49
2420,501.6,503.54,500.03
2421,502.0,506.13,502.61
2422,492.47,508.88,500.84
2423,480.15,495.75,495.01
2424,482.0,484.0,479.12
2425,478.37,489.77,486.34
2426,467.89,480.08,479.85
2427,468.8,473.01,463.0
2428,472.06,473.22,467.86
2429,475.96,480.89,473.75
2430,485.5,486.02,482.7
2431,479.3,487.26,483.11
2432,492.09,492.09,477.12
2433,486.96,493.13199999999995,491.98
2434,496.84,496.87,475.62
2435,482.0,497.23,489.22
2436,467.0,480.25,477.11
2437,480.44,484.09,468.8
2438,498.84,498.98,481.32
2439,535.35,537.05,533.44
2440,514.04,536.5,535.6
2441,516.28,527.5,516.09
2442,536.5,540.0641,521.62
2443,536.5,539.5,533.8
2444,545.0,549.5,540.57
2445,550.76,555.68,541.55
2446,545.34,555.19,554.53
2447,542.33,549.0,543.91
2448,531.0,539.23,537.0
2449,535.77,540.38,527.04
2450,520.0,536.72,534.73
2451,532.25,538.0,526.42
2452,527.41,530.0,528.07
2453,544.59,544.93,528.82
2454,544.0,557.7999,551.0
2455,544.86,551.19,542.3
2456,545.36,553.15,545.21
2457,547.84,556.98,546.43
2458,554.87,563.78,560.2
2459,564.96,568.99,562.38
2460,576.02,578.07,569.46
2461,566.5,579.1,572.81
2462,561.95,575.7,571.51
2463,548.01,558.0,552.95
2464,556.0,557.34,545.2
2465,549.3,558.82,554.17
2466,568.06,570.0,557.87
2467,579.89,580.72,567.0
2468,576.21,588.04,586.3
2469,565.33,578.0,572.22
2470,577.945,580.4999,567.3
2471,582.5,583.89,575.0
2472,583.47,589.92,585.8
2473,574.79,585.88,583.0
2474,567.96,571.49,568.24
2475,544.26,562.6,560.9
2476,546.91,553.0,544.62
2477,551.67,554.21,549.46
2478,577.79,581.41,549.99
2479,574.63,582.48,578.6
2480,578.55,588.88,577.52
2481,581.43,584.68,580.0701
2482,579.0,582.95,581.0
2483,586.5,591.19,576.3
2484,587.0,587.95,583.0
2485,574.75,586.75,584.94
2486,579.5,585.0,573.2
2487,586.2,589.3,583.01
2488,590.7,599.49,579.0
2489,591.0,592.0,586.36
2490,599.0,599.0,594.9
2491,598.84,602.45,581.29
2492,578.31,594.93,593.08
2493,562.27,584.86,574.29
2494,550.22,563.4,558.47
2495,544.0,556.81,552.12
2496,548.7,553.0,544.06
2497,551.29,554.49,543.04
2498,558.0,559.31,546.49
2499,537.8,560.8299,555.0
2500,539.0,542.59,537.79
2501,535.0,547.7,539.41
2502,455.64,459.37,449.54
2503,444.3,458.28,455.03
2504,451.66,459.72,446.84
2505,457.16,457.45,451.66
2506,464.07,467.26,457.45
2507,464.96,473.86400000000003,469.08
2508,469.13,472.0,464.19
2509,473.04,474.14,467.81
2510,477.03,485.44,476.82
2511,457.01,477.83,471.09
2512,461.73,463.29,455.12
2513,469.9,475.74,465.7
2514,447.74,466.5,465.71
2515,435.64,442.69,440.47
2516,447.46,453.569,438.08
2517,446.0,448.61,444.08
2518,452.59,462.87,458.19
2519,457.46,457.47,450.78
2520,438.43,465.78,460.56
2521,427.32,435.7,433.55
2522,441.11,447.5,432.0
2523,428.98,440.84,439.16
2524,427.99,433.71,419.87
2525,442.98,449.34,437.92
2526,432.67,446.98,443.01
2527,440.01,447.88,440.18
2528,425.26,440.15,439.8399
2529,428.83,431.0,413.62
2530,428.88,440.0,433.35
2531,447.69,453.3,432.7
2532,445.25,454.17,447.6999
2533,450.95,453.36,444.6
2534,471.51,472.72,457.02
2535,476.5,479.74,471.18
2536,470.5,479.09,475.39
2537,460.13,475.49,472.86
2538,461.2,466.47,464.19
2539,505.95,506.5,486.44
2540,502.06,509.0,507.8
2541,512.85,513.21,502.86
2542,503.51,511.01,509.0
2543,534.94,535.06,508.95
2544,528.31,532.66,529.64
2545,538.35,541.04,532.25
2546,522.5,534.99,534.62
2547,523.39,530.6,518.09
2548,520.52,523.71,521.16
2549,509.41,517.73,516.69
2550,496.86,514.19,504.95
2551,511.14,511.17,501.71
2552,489.43,509.0,506.7995
2553,509.07,512.78,495.43
2554,528.67,536.67,515.9
2555,539.01,573.0,564.3
2556,549.19,560.43,548.27
2557,560.47,561.33,550.52
2558,570.97,572.239,555.98
2559,591.81,595.0,566.4
2560,558.8,579.69,574.49
2561,560.71,568.0,548.6201
2562,562.03,597.5,584.35
2563,608.36,609.99,600.25
2564,620.76,625.74,600.79
2565,628.97,639.99,615.95
2566,645.9,649.05,637.65
2567,651.14,657.4,653.82
2568,642.7,649.47,638.25
2569,645.01,657.2,646.73
2570,630.04,653.34,653.2
2571,653.0,659.96,631.6799
2572,653.94,662.28,649.25
2573,679.69,680.96,657.0
2574,685.26,686.85,685.33
2575,692.87,697.37,685.19
2576,698.57,702.49,691.48
2577,704.93,707.95,702.53
2578,707.07,716.0,700.74
2579,698.99,713.22,710.84
2580,694.99,700.73,700.73
2581,697.88,699.26,696.69
2582,685.83,691.0,689.69
2583,674.21,679.5,677.37
2584,674.16,676.71,673.35
2585,688.0,695.42,669.23
2586,687.51,699.7,689.96
2587,696.31,697.62,694.05
2588,714.0,714.32,699.35
2589,719.94,720.99,699.204
2590,715.99,724.8,718.42
2591,714.99,718.0,714.87
2592,697.8,716.56,715.26
2593,692.73,698.93,698.51
2594,678.31,692.0,684.16
2595,691.01,695.0,681.53
2596,711.0,711.06,693.0
2597,690.75,702.79,697.0
2598,682.11,694.3,692.26
2599,674.8,676.43,673.57
2600,680.2,693.4,666.0
2601,670.0,678.28,676.7
2602,643.77,669.97,660.52
2603,636.48,659.1,648.54
2604,629.59,636.77,625.85
2605,633.94,635.49,633.63
2606,638.57,647.5,629.65
2607,673.28,675.49,641.68
2608,645.48,660.92,660.55
2609,657.74,669.93,632.07
2610,675.78,681.88,663.97
2611,734.6,734.89,693.84
2612,741.13,747.24,732.9399
2613,737.56,741.79,741.79
2614,706.99,730.23,725.65
2615,710.51,713.58,711.25
2616,702.79,713.72,703.21
2617,700.69,707.0,707.0
2618,677.51,699.91,694.77
2619,677.77,680.0,679.23
2620,674.03,676.54,674.6
2621,678.68,678.97,668.51
2622,672.71,677.47,675.82
2623,661.26,677.6,675.77
2624,638.67,655.0,650.75
2625,654.56,658.49,644.71
2626,635.41,641.37,639.62
2627,630.45,634.0,633.48
2628,618.49,625.92,616.0
2629,638.47,639.86,620.11
2630,623.98,638.4,637.39
2631,633.64,641.41,622.0
2632,621.36,625.68,625.39
2633,615.11,623.78,615.185
2634,595.0,610.26,609.62
2635,587.01,596.0,594.05
2636,585.09,585.09,579.03
2637,586.25,588.99,584.0199
2638,583.38,596.81,584.39
2639,569.97,584.35,582.5499
2640,567.0,569.55,567.27
2641,571.73,571.74,567.5
2642,570.4,571.7899,568.16
2643,564.0,569.56,569.0
2644,561.0,571.46,568.02
2645,556.34,560.79,560.1
2646,547.0,556.8,552.83
2647,539.27,549.4499,546.85
2648,526.52,537.25,535.27
2649,526.53,529.28,525.3
2650,523.2,530.27,528.75
2651,524.06,527.21,524.78
2652,520.53,527.98,522.65
2653,516.99,521.65,521.33
2654,521.28,522.07,514.48
2655,517.86,521.24,519.35
2656,529.36,529.83,523.52
2657,523.4,529.48,527.8
2658,515.02,528.0,525.15
2659,513.1,516.5,515.25
2660,512.36,515.4,511.4
2661,507.84,513.3,512.88
2662,511.53,514.98,506.4
2663,514.43,517.45,513.26
2664,512.61,515.55,515.0
2665,516.0,516.13,512.19
2666,509.96,516.25,512.75
2667,498.94,508.16,506.61
2668,502.46,502.56,497.92
2669,496.21,501.0,500.04
2670,492.02,496.43,491.52
2671,509.0,511.69,497.55
2672,515.72,517.4,508.6
2673,519.54,519.75,515.5
2674,510.18,518.72,515.75
2675,520.8,526.82,514.73
2676,519.34,525.78,525.78
2677,509.75,519.88,516.02
2678,503.0,510.15,510.0
2679,510.05,513.2,503.0
2680,513.72,514.99,511.01
2681,510.5,516.51,512.94
2682,520.23,520.44,510.0
2683,512.92,519.34,516.11
2684,508.53,516.62,511.89
2685,508.74,512.59,508.0
2686,516.98,517.02,509.76
2687,509.3,518.69,514.0001
2688,519.01,520.0,512.51
2689,511.9,523.18,520.12
2690,553.46,553.52,548.59
2691,553.89,554.5,549.5
2692,555.04,557.73,555.0
2693,550.3,558.58,552.99
2694,547.91,552.67,552.16
2695,545.86,547.32,545.33
2696,543.61,546.5,544.47
2697,543.79,547.0,543.34
2698,543.0,548.74,542.56
2699,541.25,543.87,539.4
2700,535.56,544.4,541.63
2701,531.06,534.4,534.34
2702,525.49,531.85,530.38
2703,526.02,527.4,522.7001
2704,524.88,529.5,525.01
2705,525.0,527.99,526.29
2706,532.73,533.2,530.26
2707,528.98,534.99,527.42
2708,516.42,524.99,524.98
2709,510.98,515.29,514.11
2710,516.96,518.75,509.97
2711,514.01,517.25,514.31
2712,506.18,516.0,515.2
2713,508.19,509.0,505.89
2714,505.38,505.88,502.84
2715,507.0872,508.54,505.24
2716,508.71,511.67,504.77
2717,514.02,518.25,511.34
2718,516.2,519.64,515.49
2719,519.75,526.5,515.06
2720,516.75,520.78,518.25
2721,509.75,519.0,518.84
2722,497.91,510.51,507.07
2723,501.0,505.02,500.397
2724,500.56,508.78,497.909
2725,484.5,498.84,498.6
2726,485.0,491.8,487.11
2727,479.7,484.95,483.52
2728,475.15,479.2,474.33
2729,480.8206,483.4103,473.97
2730,473.0,479.01,475.86
2731,469.53,479.2,470.6
2732,472.03,472.7,470.32
2733,472.46,475.22,470.96
2734,462.0,473.14,472.61
2735,461.96,462.54,458.0
2736,465.48,467.51,461.78
2737,461.83,467.0,466.74
2738,467.04,469.49,461.47
2739,466.15,471.73,469.25
2740,466.13,468.17,466.81
2741,472.14,472.82,467.27
2742,470.12,474.84,471.12
2743,466.22,474.07,473.23
2744,468.65,471.08,465.78
2745,472.19,472.81,469.0
2746,479.15,481.35,471.38
2747,480.07,482.4,479.01
2748,478.1,484.45,481.18
2749,480.0,481.37,477.99
2750,478.61,479.98,477.53
2751,480.1,485.0,479.08
2752,490.52,492.5,482.48
2753,474.5,481.95,471.65
2754,471.26,479.9,476.01
2755,473.8,476.39,472.8
2756,468.4566,476.99,474.27
2757,468.45,468.77,466.29
2758,464.0,468.0,467.39
2759,466.06,469.4,464.53
2760,467.09,470.79,466.5
2761,472.98,473.0,468.21
2762,471.3,472.09,471.51
2763,472.14,473.0,471.02
2764,464.05,474.25,472.6
2765,457.76,458.53,458.53
2766,462.1,463.4,458.16
2767,464.55,466.0,460.92
2768,461.87,465.44,461.88
2769,463.55,465.23,463.62
2770,460.55,465.0,465.0
2771,461.45,463.39,461.83
2772,455.61,462.17,462.04
2773,445.3,456.57,456.55
2774,445.79,447.6,445.28
2775,443.25,448.5,447.23
2776,445.65,446.7,440.85
2777,447.86,449.82199999999995,446.19
2778,443.23,448.66,448.0
2779,450.11,451.93,443.03
2780,452.57,455.25,454.75
2781,458.0,458.4,452.96
2782,459.22,465.5,454.72
2783,462.69,463.14,455.64
2784,447.47,459.0,457.55
2785,437.02,445.5,440.945
2786,445.11,448.7,438.68
2787,442.67,452.42,448.23
2788,450.41,453.67,449.45
2789,455.0,459.8,448.77
2790,472.83,475.25,464.93
2791,475.75,476.95,470.62
2792,478.69,484.24,475.85
2793,469.84,478.68,475.86
2794,468.47,472.75,472.1
2795,462.8,470.15,469.94
2796,466.0,466.13,461.47
2797,460.0,469.13,465.93
2798,459.155,462.78,459.1
2799,460.68,462.39,458.29
2800,471.65,472.68,461.89
2801,468.05,473.75,471.03
2802,473.82,474.35,470.01
2803,468.1,473.3,471.48
2804,477.5,478.0,467.16
2805,482.61,485.0,481.5
2806,506.0,506.01,481.75
2807,496.49,505.0,501.5
2808,494.0,498.0,494.32
2809,498.0,498.75,492.47
2810,490.93,497.9,495.84
2811,501.0,504.5,488.09
2812,484.445,499.54,499.07
2813,480.79,484.75,479.05
2814,492.5,492.65,480.84
2815,487.98,490.76,489.75
2816,494.52,496.48,487.83
2817,503.395,507.77,497.28
2818,507.55,513.0,504.28
2819,501.99,505.0,505.0
2820,497.2,501.75,499.72
2821,484.43,493.55,489.46
2822,485.45,488.25,485.5
2823,487.69,489.87,483.58
2824,482.5,487.5,487.19
2825,469.0,483.95,483.26
2826,466.0,476.66,467.59
2827,462.1,464.47,460.48
2828,467.12,468.58,462.56
2829,460.0,468.08,468.03
2830,456.52,459.47,457.53
2831,457.5,458.64,455.58
2832,464.185,465.25,456.2
2833,470.0,471.5,462.9
2834,461.72,469.31,468.63
2835,482.505,482.74,462.8
2836,482.635,484.11,480.3
2837,480.25,483.75,482.12
2838,484.69,485.5,478.99
2839,483.85,486.36,481.78
2840,484.92,488.9,483.93
2841,481.94,488.6,484.11
2842,490.23,491.8,482.64
2843,486.96,492.4,488.71
2844,487.4,489.44,487.0
2845,483.0,487.43,484.85
2846,485.98,488.39,480.8
2847,484.19,490.4,484.81
2848,494.24,494.74,484.65
2849,481.13,489.86,489.5
2850,501.37,501.78,484.75
2851,504.5,507.5,505.0
2852,510.97,513.0,508.01
2853,496.54,510.0,509.65
2854,498.4,498.4,495.05
2855,493.25,499.66,498.79
2856,495.0,497.68,495.9
2857,493.43,499.85,491.93
2858,480.7,489.95,489.3
2859,474.9,481.17,481.03
2860,473.78,474.72,473.55
2861,476.5,479.49,472.63
2862,470.35,481.74,475.0
2863,476.955,479.02,472.57
2864,473.77,479.66,476.95
2865,472.23,473.75,471.798
2866,467.5,473.73,469.91
2867,478.755,479.13,467.5
2868,478.06,482.16,476.39
2869,474.82,480.46,476.57
2870,483.901,485.24,475.2
2871,487.68,491.96,485.1
2872,477.49,488.5,486.601
2873,476.28,477.86,473.31
2874,462.28,484.64,480.78
2875,458.99,460.1,459.67
2876,420.23,454.91,426.06
2877,422.995,424.75,419.31
2878,420.3,423.75,420.64
2879,427.7,429.2,421.75
2880,427.76,429.5,427.3
2881,428.56,429.68,427.44
2882,425.02,429.91,426.5
2883,431.56,437.85,426.65
2884,424.8,431.95,429.0
2885,410.22,421.91,420.5
2886,414.7,418.24,411.81
2887,404.97,415.77,415.7
2888,401.29,406.46,404.04
2889,401.9,406.0,401.44
2890,405.125,405.62,401.9
2891,404.08,406.98,403.58
2892,406.3,411.22,402.92
2893,405.5,407.68,406.87
2894,405.58,409.45,403.98
2895,404.98,407.45,403.78
2896,400.3,408.45,406.85
2897,407.1,407.39,397.0
2898,415.46,415.49,403.81
2899,410.0,418.69,414.69
2900,407.48,410.05,409.88
2901,404.3,406.28,403.98
2902,395.15,406.76,406.57
2903,385.0,392.73,391.9
2904,378.26,384.69,384.09
2905,376.72,380.79,377.85
2906,379.39,381.75,378.49
2907,382.1,383.19,380.14
2908,379.87,385.4,384.36
2909,380.995,381.28,378.6
2910,381.4941,382.15,378.53
2911,379.21,384.65,380.75
2912,380.78,382.32,378.95
2913,375.61,380.95,380.95
2914,373.08,375.32,373.26
2915,374.44,376.4,373.73
2916,377.64,378.27,373.43
2917,377.7341,379.26,378.29
2918,378.1,379.0,377.3
2919,386.31,387.09,383.36
2920,386.39,390.0,385.8
2921,383.48,388.45,387.72
2922,374.11,381.6699,380.97
2923,371.5,375.13,369.43
2924,373.88,375.28,368.5
2925,373.88,377.67,374.2
2926,382.8,384.68,376.94
2927,382.82,384.5,381.0
2928,371.5,379.73,377.95
2929,379.56,380.68,373.85
2930,364.98,377.91,375.39
2931,375.6,377.17,367.23
2932,385.11,385.77,375.51
2933,388.0,389.17,386.6
2934,382.0,389.56,388.12
2935,387.37,387.49,382.4
2936,388.2,391.91,385.5
2937,385.02,391.31,389.36
2938,392.82,393.89,390.9
2939,386.14,391.75,390.108
2940,404.28,404.44,387.12
2941,395.01,401.14,399.0
2942,409.75,410.57,403.05
2943,404.625,411.0,407.89
2944,410.33,411.49,403.5
2945,414.0,418.34,408.83
2946,422.09,422.74,417.25
2947,418.505,425.05,424.56
2948,423.44,425.23,418.2
2949,426.05,427.89,420.45
2950,423.375,425.38,423.19
2951,421.52,422.8,421.46
2952,420.04,423.77,423.2
2953,415.6,419.33,419.33
2954,407.99,418.2,417.81
2955,404.01,406.48,406.11
2956,405.71,408.0,402.32
2957,406.75,408.3,404.22
2958,402.76,409.75,404.86
2959,401.58,406.0,399.95
2960,391.06,404.0,402.13
2961,388.03,391.87,387.17
2962,390.85,394.8,388.14
2963,389.1,390.93,390.7
2964,386.62,392.25,391.0
2965,389.83,391.1,384.39
2966,380.9,387.0,386.525
2967,386.85,390.49,381.54
2968,392.19,395.43,388.2904
2969,387.75,394.27,393.3
2970,393.24,394.86,386.51
2971,376.585,390.0,389.99
2972,376.18,381.45,374.44
2973,386.84,387.08,379.44
2974,373.54,382.99,382.62
2975,373.8022,378.25,371.82
2976,378.28,381.0,371.94
2977,384.55,385.88,381.35
2978,379.08,383.0,382.99
2979,377.35,383.44,381.25
2980,374.21,383.88,375.58
2981,367.85,373.03,370.95
2982,373.28,374.5,370.02
2983,378.78,381.81,370.99
2984,370.61,379.84,374.5
2985,375.99,376.86,371.3
2986,375.93,380.15,376.2
2987,383.5,384.87,374.13
2988,403.42,404.71,387.0
2989,408.31,411.71,402.98
2990,395.7,409.0,408.8
2991,395.11,397.12,394.78
2992,397.6,400.68,394.3
2993,395.03,398.87,394.75
2994,396.55,401.5,394.17
2995,401.0,402.49,394.8
2996,417.85,419.44,398.9
2997,417.73,425.73,417.94
2998,422.77,426.91,420.03
2999,428.7,430.04,425.97
3000,439.43,441.04,427.16
3001,439.34,444.7,440.5
3002,450.0,450.72,437.1
3003,411.9,436.99,415.0
3004,412.37,413.64,410.5
3005,407.54,409.83,404.24
3006,403.78,412.5,406.82
3007,408.81,409.76,402.16
3008,409.15,411.33,408.95
3009,416.38,419.1,409.66
3010,407.61,417.17,416.38
3011,412.56,412.85,406.16
3012,407.0,413.89,411.18
3013,407.7,414.57,407.99
3014,390.0,404.9,404.34
3015,389.75,392.47,389.7
3016,388.75,391.87,390.0
3017,389.22,393.5,388.44
3018,380.0,399.0,394.98
3019,372.0,377.86,377.2
3020,367.25,371.71,369.69
3021,368.52,370.09,365.8
3022,342.27,345.75,341.89
3023,339.91,344.1,340.22
3024,349.97,351.66,339.92
3025,342.01,350.09,348.19
3026,338.94,341.78,339.79
3027,348.7,348.75,338.77
3028,350.87,352.3,344.5
3029,336.59,352.37,351.16
3030,339.72,346.1,337.06
3031,343.5,344.5,337.5
3032,355.47,358.53,343.0
3033,353.78,360.03,353.88
3034,364.42,368.45,364.45
3035,380.66,383.4,368.1
3036,384.3,387.24,378.18
3037,364.42,381.1,376.45
3038,369.0,369.45,364.8
3039,392.65,397.54,362.62
3040,381.2,391.7,390.375
3041,377.3,380.07,377.4
3042,365.41,381.24,378.07
3043,367.15,368.95,365.49
3044,366.32,373.54,366.59
3045,369.99,372.14,368.75
3046,345.86,367.0,366.46
3047,341.4,346.0,342.38
3048,345.3,351.69,343.32
3049,344.3,350.6,345.7
3050,362.0,364.5,362.61
3051,371.45,374.4,358.77
3052,368.24,370.69,369.08
3053,383.14,383.7,367.92
3054,385.25,389.9,385.1
3055,393.79,393.9,381.555
3056,403.93,406.5,396.04
3057,389.86,402.0,401.78
3058,430.66,439.6,432.6601
3059,429.39,433.28,426.82
3060,435.22,438.22,433.49
3061,439.54,439.99,434.265
3062,451.26,454.23,433.0
3063,436.03,444.95,443.03
3064,407.38,428.39,427.5
3065,437.5,440.03,399.4601
3066,451.17,453.49,436.445
3067,447.3,457.36,444.9099
3068,464.21,469.9,467.11
3069,464.31,466.89,466.25
3070,473.72,474.99,463.63
3071,471.27,475.11,471.63
3072,464.42,470.25,469.76
3073,466.15,473.4,466.9001
3074,456.87,470.5,465.66
3075,446.0,451.55,451.24
3076,443.9,448.96,445.24
3077,422.52,435.67,435.23
3078,417.27,418.21,414.86
3079,427.98,428.73,420.15
3080,424.12,427.78,426.69
3081,431.86,431.86,424.64
3082,432.15,432.5,430.93
3083,431.765,432.86,432.04
3084,433.55,436.86,426.33
3085,427.86,432.2,429.74
3086,432.2,446.21,424.6
3087,425.34,432.5,430.15
3088,419.11,423.14,422.53
3089,417.04,419.73,418.96
3090,413.0,418.0,417.49
3091,414.63,415.21,412.61199999999997
3092,415.0,415.78,409.2
3093,405.3,410.65,410.65
3094,406.16,406.7,404.22
3095,408.7,416.41,404.54
3096,417.0,417.5,405.85
3097,416.94,419.53,417.7
3098,409.2,415.44,414.0901
3099,404.48,408.45,404.9125
3100,424.14,426.4,403.54
3101,429.82,431.24,423.48
3102,425.78,428.75,428.62
3103,417.04,424.72,422.86
3104,408.65,417.31,416.47
3105,399.17,409.98,409.36
3106,403.62,404.5,400.21
3107,401.8,403.81,403.45
3108,396.2,398.85,398.15
3109,394.38,397.0,392.8
3110,392.12,398.22,396.97
3111,395.12,396.9,390.4
3112,378.36,391.35,391.1
3113,386.67,388.29,379.15
3114,394.25,395.59,389.9
3115,395.1,397.47,395.03
3116,389.72,391.79,390.43
3117,382.41,386.58,385.95
3118,381.7,385.0,379.68
3119,371.86,383.9,379.38
3120,360.24,374.75,372.14
3121,355.27,358.95,358.17
3122,356.6,357.09,353.06
3123,346.28,356.0,355.44
3124,345.78,347.4,346.91
3125,343.37,349.3,348.65
3126,345.8,346.43,339.9
3127,309.99,311.13,303.2
3128,304.0,309.87,308.7
3129,304.96,307.96,303.28
3130,297.5,305.2,305.0
3131,299.26,300.23,296.14
3132,302.0,302.0,297.44
3133,305.2,307.19,300.97
3134,311.16,312.65,306.1
3135,313.31,314.82,310.65
3136,314.79,316.67,312.99
3137,313.98,314.48,312.75
3138,312.69,314.9,310.71
3139,319.58,321.28,311.0
3140,313.63,320.11,318.68
3141,314.22,317.5,316.46
3142,306.68,310.72,309.62
3143,314.22,315.1,306.0
3144,314.95,318.41,313.94
3145,319.5,320.95,314.28
3146,313.0,317.21,315.36
3147,311.49,319.22,311.37
3148,308.41,313.76,311.9
3149,306.15,311.3,307.91
3150,301.0,306.0,303.79
3151,304.02,304.5,300.2
3152,299.8,306.75,302.62
3153,308.73,313.28,303.0
3154,308.74,315.53,311.68
3155,301.75,311.42,309.74
3156,297.28,299.1,299.09
3157,294.83,299.28,295.39
3158,285.89,295.5,294.87
3159,289.0,289.39,287.11
3160,286.51,289.99,288.45
3161,285.91,287.5,286.25
3162,288.23,288.5,286.0
3163,287.22,289.51,287.27
3164,282.24,289.12,288.45
3165,283.48,285.02,283.58
3166,282.55,284.0,282.59
3167,277.57,284.75,282.57
3168,276.16,279.74,279.58
3169,281.24,281.47,274.01
3170,280.99,281.45,280.0
3171,275.91,280.5,279.99
3172,285.51,286.57,285.1
3173,284.88,287.79,285.65
3174,289.98,292.77,284.0
3175,283.36,290.2,289.721
3176,285.89,286.58,284.05
3177,291.3,292.33,285.68
3178,291.96,292.68,291.57
3179,293.6,295.65,291.25
3180,297.5,298.51,292.35
3181,295.55,299.0,297.73
3182,298.0,299.72,297.3
3183,291.6,299.52,299.19
3184,288.48,292.5,291.6099
3185,292.14,292.84,287.76
3186,297.2,297.41,293.5
3187,297.74,298.23,296.93
3188,295.01,298.0,296.09
3189,302.39,303.29,295.85
3190,306.37,309.25,302.4
3191,314.05,317.8,313.94
3192,305.57,312.6088,312.0
3193,302.26,310.35,309.9
3194,300.0,301.9,299.54
3195,301.24,303.4,301.19
3196,305.34,306.75,300.89
3197,292.51,299.24,298.86
3198,293.39,294.4,291.784
3199,296.4,296.6,293.35
3200,296.25,297.5,296.23
3201,289.39,295.8,295.54
3202,297.3,297.6,291.525
3203,292.0,295.98,295.71
3204,295.04,296.24,291.25
3205,294.34,298.93,294.15
3206,302.5,304.38,292.72
3207,306.28,309.25,302.0
3208,298.9,304.47,304.1
3209,290.9,298.0,297.25
3210,288.0,294.81,289.71
3211,289.67,292.32,289.3
3212,288.18,290.3,287.84
3213,276.08,287.672,286.7
3214,279.0,280.3,280.3
3215,274.26,278.3,277.44
3216,275.0,277.3,274.8
3217,278.59,281.24,278.35
3218,279.82,284.19,282.75
3219,286.99,287.28,282.5
3220,284.72,288.5,286.31
3221,292.85,293.19,279.56
3222,297.1,299.59,293.12
3223,282.39,293.75,290.94
3224,286.79,289.3,280.26
3225,288.73,289.78,287.9
3226,283.2,292.89,288.0
3227,269.56,278.4,277.27
3228,260.48,266.05,266.0
3229,260.96,263.76,259.2
3230,252.73,260.98,260.81
3231,256.96,265.44,256.0
3232,243.16,258.1,255.45
3233,241.21,241.67,241.61
3234,240.48,241.17,239.18
3235,233.61,239.97,239.16
3236,230.56,233.45,233.13
3237,229.68,231.62,231.05
3238,229.18,231.09,229.24
3239,230.81,232.23,228.72
3240,228.9,231.98,231.29
3241,225.47,227.8,227.8
3242,228.0,228.5,226.02
3243,228.4,229.25,228.02
3244,228.62,228.62,226.98
3245,227.18,229.88,228.5
3246,221.54,228.15,226.19
3247,222.05,223.7,222.29
3248,221.91,222.25,220.0
3249,219.5,222.08,219.45
3250,217.99,220.85,219.78
3251,220.22,222.0,218.75
3252,217.82,224.74,223.53
3253,222.905,224.0,215.81
3254,200.42,205.0,204.75
3255,198.58,200.5,198.1
3256,189.33,192.0,191.4
3257,184.58,187.88,186.97
3258,190.1,190.34,185.0
3259,193.27,194.36,191.45
3260,193.47,194.32,192.93
3261,193.0,194.42,193.955
3262,193.09,194.8,193.23
3263,193.69,195.1,192.05
3264,188.78,194.62,193.76
3265,189.24,189.65,189.22
3266,187.73,190.26,188.57
3267,179.95,185.32,185.29
3268,181.76,182.95,180.04
3269,177.95,181.39,180.51
3270,180.64,181.45,180.45
3271,181.05,183.28,179.57
3272,181.68,184.8,181.42
3273,180.22799999999998,180.86,179.25
3274,177.97,180.24,178.98
3275,181.18,181.94,178.6
3276,179.27,182.17,180.88
3277,178.81,180.4,180.04
3278,177.13,179.64,179.29
3279,176.7,178.61,175.6
3280,175.25,180.0,178.61
3281,178.33,178.4,174.99
3282,180.44,180.95,177.8
3283,181.01,181.2,179.98
3284,184.21,184.65,181.35
3285,189.1,189.85,185.2
3286,187.78,189.6,188.81
3287,186.7,187.25,185.9
3288,186.13,187.75,187.005
3289,185.95,187.67,185.18
3290,189.29,189.75,186.06
3291,186.0,189.87,187.99
3292,189.15,189.92,185.87
3293,183.37,189.85,188.89
3294,193.3,194.48,193.95
3295,196.5,198.9,191.37
3296,198.51,198.84,197.95
3297,197.83,199.75,197.9
3298,194.7,199.33,198.41
3299,193.605,199.84,195.23
3300,186.08,193.08,192.99
3301,186.66,192.32,187.4
3302,191.97,192.21,187.98
3303,200.76,201.6,191.58
3304,196.96,200.02,198.64
3305,205.26,206.4,196.03
3306,206.47,207.75,204.36
3307,205.99,213.37,210.86
3308,215.55,216.8,205.96
3309,194.38,203.75,191.9
3310,193.69,196.36,195.62
3311,190.13,194.7,190.34
3312,188.76,188.86,188.08
3313,179.27,189.41,189.24
3314,182.2,182.24,177.12
3315,188.69,189.33,180.72
3316,194.44,195.36,188.28
3317,192.58,196.25,193.92
3318,204.64,205.3,197.3
3319,200.89,205.02,203.9
3320,196.0,200.01,199.97
3321,195.38,197.39,195.33
3322,194.33,195.93,195.38
3323,195.62,197.71,193.54
3324,194.5,198.1,195.06
3325,190.64,194.25,193.85
3326,195.25,195.9,188.55
3327,193.45,196.9,193.51
3328,201.33,202.93,194.5
3329,197.4,203.64,202.71
3330,199.23,199.88,192.79
3331,192.97,198.23,197.6
3332,191.97,193.52,192.9
3333,192.11,193.55,192.76
3334,189.43,193.3,191.91
3335,187.45,188.6,187.9
3336,183.9,186.85,186.3
3337,186.28,187.88,183.75
3338,182.0,188.46,185.02
3339,176.76,180.5,180.08
3340,177.22,180.49,176.47
3341,177.99,180.69,179.78
3342,171.0,178.82,178.69
3343,172.03,173.18,170.45
3344,173.43,174.88,171.65
3345,170.25,173.5,173.43
3346,170.57,173.68,169.98
3347,176.0,176.2,171.43
3348,179.13,180.7,176.29
3349,180.0,181.06,180.4
3350,179.9,181.51,179.4
3351,181.77,182.5,179.96
3352,180.7,183.0,181.98
3353,180.255,182.95,181.05
3354,175.8,180.03,179.39
3355,174.84,177.21,174.76
3356,167.915,170.83,167.52
3357,168.6,169.5,165.1
3358,169.06,169.98,169.4
3359,170.4,174.42,167.54
3360,169.02,177.5,172.5
3361,174.39,179.47,172.545
3362,180.45,188.32,184.87
3363,185.23,189.8,182.0
3364,169.32,183.75,183.02
3365,170.67,172.52,167.86
3366,174.1,175.2,168.7
3367,170.86,175.44,172.55
3368,182.0,182.3,169.35
3369,188.25,190.4,184.7
3370,198.19,201.6,191.67
3371,198.73,199.25,194.87
3372,193.5,197.67,196.03
3373,198.87,199.95,190.64
3374,186.63,194.39,193.3
3375,182.50900000000001,189.52,185.97
3376,186.449,192.64,181.8
3377,176.28,194.43,187.4
3378,170.435,180.17,172.43
3379,144.13,150.13,149.38
3380,147.94,148.99,140.49
3381,150.5,152.4,147.94
3382,143.12,149.2,149.16
3383,144.95,145.5,144.11
3384,141.02,142.38,142.0
3385,143.24,143.55,140.9
3386,134.49,137.61,137.4
3387,137.01,138.86,135.26
3388,138.73,139.68,137.73
3389,136.56,139.88,138.85
3390,137.67,138.45,137.08
3391,134.66,138.53,138.37
3392,135.275,136.87,135.06
3393,130.8,134.24,132.58
3394,129.899,132.3,129.6
3395,126.53,135.02,131.08
3396,121.15,127.4,126.86
3397,119.56,120.88,118.26
3398,120.97,124.1,119.83
3399,118.84,122.63,120.82
3400,117.45,119.67,118.38
3401,120.2,120.42,117.84
3402,116.95,121.6,119.36
3403,114.42,117.49,117.49
3404,112.34,115.8,113.97
3405,110.56,114.23,112.0
3406,107.44,112.0,111.49
3407,106.63,108.41,107.5
3408,101.47,106.56,105.33
3409,102.5,102.71,102.31
3410,100.74,103.03,102.3
3411,101.01,102.0,101.58
3412,100.95,101.74,100.01
3413,99.09,102.37,101.51
3414,102.7,102.97,100.25
3415,102.32,103.71,102.37
3416,105.28,105.49,102.01
3417,108.1,108.62,106.15
3418,104.95,107.95,107.91
3419,104.76,108.0,106.0
3420,111.24,111.6,104.87
3421,110.76,113.48,109.4
3422,101.01,109.08,108.31
3423,100.01,104.06,100.335
